;age;geo;sex;deg_urb;Every day;Every month;Every week;Less than once a month;Never or not in the last 12 months
0;75 years or over;Austria;Females;Cities;9.1;17.7;17.8;19.8;35.7
1;75 years or over;Austria;Females;Rural areas;4.1;29.5;18.1;9.9;38.4
2;75 years or over;Austria;Females;Towns and suburbs;5.0;26.6;12.3;21.5;34.5
6;75 years or over;Austria;Males;Cities;23.0;24.4;24.8;11.0;16.8
7;75 years or over;Austria;Males;Rural areas;24.2;25.3;34.9;3.4;12.1
8;75 years or over;Austria;Males;Towns and suburbs;25.4;21.1;35.8;10.7;7.0
12;75 years or over;Belgium;Females;Cities;14.7;21.0;25.4;7.9;30.9
13;75 years or over;Belgium;Females;Rural areas;12.9;5.6;19.9;7.0;54.6
14;75 years or over;Belgium;Females;Towns and suburbs;13.7;5.1;16.4;19.3;45.5
18;75 years or over;Belgium;Males;Cities;26.8;10.4;37.1;3.9;21.7
19;75 years or over;Belgium;Males;Rural areas;20.6;10.3;20.6;5.7;42.8
20;75 years or over;Belgium;Males;Towns and suburbs;25.2;12.2;35.4;14.3;12.9
24;75 years or over;Bulgaria;Females;Cities;1.5;14.4;2.9;15.2;66.0
25;75 years or over;Bulgaria;Females;Rural areas;4.1;13.0;7.4;9.8;65.7
26;75 years or over;Bulgaria;Females;Towns and suburbs;0.0;11.4;3.7;17.1;67.8
30;75 years or over;Bulgaria;Males;Cities;7.3;27.2;16.2;10.3;39.0
31;75 years or over;Bulgaria;Males;Rural areas;15.3;18.2;14.9;5.8;45.8
32;75 years or over;Bulgaria;Males;Towns and suburbs;13.8;21.3;14.9;7.5;42.5
36;75 years or over;Croatia;Females;Cities;8.9;8.3;12.7;9.8;60.4
37;75 years or over;Croatia;Females;Rural areas;6.7;6.8;6.6;5.4;74.6
38;75 years or over;Croatia;Females;Towns and suburbs;8.6;6.7;8.7;7.7;68.2
42;75 years or over;Croatia;Males;Cities;27.8;22.8;10.5;19.6;19.2
43;75 years or over;Croatia;Males;Rural areas;32.6;3.9;15.1;2.8;45.6
44;75 years or over;Croatia;Males;Towns and suburbs;28.6;6.9;16.5;7.4;40.5
48;75 years or over;Cyprus;Females;Cities;0.7;8.9;5.5;9.0;76.0
49;75 years or over;Cyprus;Females;Rural areas;0.0;3.4;0.0;2.0;94.7
50;75 years or over;Cyprus;Females;Towns and suburbs;2.7;2.7;0.0;3.7;90.9
54;75 years or over;Cyprus;Males;Cities;14.7;16.0;13.3;9.3;46.8
55;75 years or over;Cyprus;Males;Rural areas;16.3;23.0;13.3;15.4;32.1
56;75 years or over;Cyprus;Males;Towns and suburbs;9.5;20.9;18.6;5.4;45.5
60;75 years or over;Czechia;Females;Cities;2.5;21.9;9.7;29.4;36.5
61;75 years or over;Czechia;Females;Rural areas;2.1;16.9;12.8;19.8;48.4
62;75 years or over;Czechia;Females;Towns and suburbs;3.9;19.8;12.9;23.4;39.9
66;75 years or over;Czechia;Males;Cities;18.0;16.8;35.4;12.2;17.6
67;75 years or over;Czechia;Males;Rural areas;27.7;10.9;29.1;10.9;21.4
68;75 years or over;Czechia;Males;Towns and suburbs;22.1;12.9;30.2;18.4;16.4
72;75 years or over;Denmark;Females;Cities;21.9;18.3;34.6;10.1;15.1
73;75 years or over;Denmark;Females;Rural areas;16.3;26.5;29.5;12.5;15.1
74;75 years or over;Denmark;Females;Towns and suburbs;10.7;25.1;34.4;16.3;13.5
78;75 years or over;Denmark;Males;Cities;34.3;9.9;41.7;4.8;9.3
79;75 years or over;Denmark;Males;Rural areas;35.5;11.5;40.4;6.8;5.8
80;75 years or over;Denmark;Males;Towns and suburbs;36.7;15.3;30.6;5.1;12.2
84;75 years or over;Estonia;Females;Cities;0.0;5.4;1.1;40.1;53.4
85;75 years or over;Estonia;Females;Rural areas;0.8;6.4;1.3;36.8;54.8
86;75 years or over;Estonia;Females;Towns and suburbs;0.0;3.0;0.0;27.6;69.3
90;75 years or over;Estonia;Males;Cities;6.3;19.2;8.4;46.5;19.6
91;75 years or over;Estonia;Males;Rural areas;1.3;20.0;12.7;31.4;34.6
92;75 years or over;Estonia;Males;Towns and suburbs;0.0;30.6;14.8;24.3;30.3
96;75 years or over;Finland;Females;Cities;4.2;22.3;16.5;23.3;33.8
97;75 years or over;Finland;Females;Rural areas;0.0;15.3;8.3;19.4;57.0
98;75 years or over;Finland;Females;Towns and suburbs;2.2;22.5;11.2;19.5;44.7
99;75 years or over;Finland;Males;Cities;3.7;21.1;37.2;8.6;29.4
100;75 years or over;Finland;Males;Rural areas;5.9;24.4;24.1;13.4;32.2
101;75 years or over;Finland;Males;Towns and suburbs;7.3;18.0;39.5;11.4;23.9
108;75 years or over;Germany;Females;Cities;9.9;22.1;28.3;13.3;26.5
109;75 years or over;Germany;Females;Rural areas;6.9;29.9;18.1;13.6;31.6
110;75 years or over;Germany;Females;Towns and suburbs;10.6;25.6;20.3;13.1;30.4
114;75 years or over;Germany;Males;Cities;22.2;16.9;43.0;7.8;10.1
115;75 years or over;Germany;Males;Rural areas;23.5;20.1;40.6;6.1;9.7
116;75 years or over;Germany;Males;Towns and suburbs;28.2;18.5;34.7;6.8;11.9
120;75 years or over;Greece;Females;Cities;4.6;10.9;5.1;11.8;67.6
121;75 years or over;Greece;Females;Rural areas;1.2;9.9;6.4;9.3;73.1
122;75 years or over;Greece;Females;Towns and suburbs;5.0;8.6;4.7;10.4;71.2
126;75 years or over;Greece;Males;Cities;21.8;17.4;20.3;12.5;28.0
127;75 years or over;Greece;Males;Rural areas;22.6;18.1;17.7;6.7;34.9
128;75 years or over;Greece;Males;Towns and suburbs;16.8;9.0;21.8;12.6;39.8
132;75 years or over;Hungary;Females;Cities;7.0;9.9;10.5;20.6;52.0
133;75 years or over;Hungary;Females;Rural areas;4.8;3.8;5.6;22.2;63.5
134;75 years or over;Hungary;Females;Towns and suburbs;10.4;5.2;4.2;20.3;60.0
138;75 years or over;Hungary;Males;Cities;22.2;15.8;15.8;24.1;22.1
139;75 years or over;Hungary;Males;Rural areas;44.6;7.0;6.5;8.1;33.9
140;75 years or over;Hungary;Males;Towns and suburbs;30.4;9.8;14.5;10.8;34.5
144;75 years or over;Iceland;Females;Cities;0.0;26.6;5.9;18.4;49.1
145;75 years or over;Iceland;Females;Rural areas;0.0;23.0;0.0;20.5;56.5
146;75 years or over;Iceland;Females;Towns and suburbs;0.0;12.7;8.7;15.0;63.6
150;75 years or over;Iceland;Males;Cities;2.3;21.5;15.1;24.3;36.8
151;75 years or over;Iceland;Males;Rural areas;2.2;22.0;23.8;18.9;33.1
152;75 years or over;Iceland;Males;Towns and suburbs;3.2;28.8;8.9;15.6;43.4
156;75 years or over;Ireland;Females;Cities;5.9;17.3;23.7;10.6;42.7
157;75 years or over;Ireland;Females;Rural areas;1.3;11.1;12.6;11.1;63.9
158;75 years or over;Ireland;Females;Towns and suburbs;0.9;16.9;22.6;9.7;49.9
162;75 years or over;Ireland;Males;Cities;12.8;13.4;38.7;7.4;27.7
163;75 years or over;Ireland;Males;Rural areas;8.6;13.4;30.5;7.1;40.5
164;75 years or over;Ireland;Males;Towns and suburbs;9.9;8.1;23.5;8.0;50.6
168;75 years or over;Latvia;Females;Cities;0.0;7.4;1.6;28.1;62.9
169;75 years or over;Latvia;Females;Rural areas;0.0;4.5;1.1;31.3;63.1
170;75 years or over;Latvia;Females;Towns and suburbs;0.7;5.9;0.8;21.1;71.4
174;75 years or over;Latvia;Males;Cities;1.8;23.0;10.3;36.2;28.6
175;75 years or over;Latvia;Males;Rural areas;3.5;12.3;7.7;28.1;48.4
176;75 years or over;Latvia;Males;Towns and suburbs;0.0;15.4;1.7;43.6;39.3
180;75 years or over;Lithuania;Females;Cities;0.0;6.0;0.6;27.4;66.0
181;75 years or over;Lithuania;Females;Rural areas;0.0;4.2;0.0;24.7;71.1
182;75 years or over;Lithuania;Females;Towns and suburbs;0.0;3.7;0.0;22.3;74.0
186;75 years or over;Lithuania;Males;Cities;2.5;29.5;8.8;19.4;39.9
187;75 years or over;Lithuania;Males;Rural areas;1.6;22.1;11.0;26.5;38.8
188;75 years or over;Lithuania;Males;Towns and suburbs;0.0;0.0;0.0;0.0;0.0
192;75 years or over;Luxembourg;Females;Cities;0.0;0.0;0.0;0.0;0.0
193;75 years or over;Luxembourg;Females;Rural areas;6.5;20.1;25.1;14.1;34.2
194;75 years or over;Luxembourg;Females;Towns and suburbs;2.3;24.0;20.0;4.7;49.0
198;75 years or over;Luxembourg;Males;Cities;41.9;3.2;32.3;0.0;22.6
199;75 years or over;Luxembourg;Males;Rural areas;40.5;7.8;31.7;0.0;20.1
200;75 years or over;Luxembourg;Males;Towns and suburbs;28.4;17.5;35.8;7.4;10.9
204;75 years or over;Malta;Females;Cities;1.5;15.6;3.0;24.2;55.7
205;75 years or over;Malta;Females;Rural areas;0.0;0.0;0.0;0.0;0.0
206;75 years or over;Malta;Females;Towns and suburbs;3.6;9.8;10.5;9.0;67.2
210;75 years or over;Malta;Males;Cities;18.3;29.4;7.8;21.3;23.1
211;75 years or over;Malta;Males;Rural areas;0.0;0.0;0.0;0.0;0.0
212;75 years or over;Malta;Males;Towns and suburbs;25.5;16.6;15.0;7.5;35.4
222;75 years or over;Norway;Females;Cities;12.3;22.9;17.5;0.0;47.4
223;75 years or over;Norway;Females;Rural areas;0.0;33.4;12.7;0.0;53.9
224;75 years or over;Norway;Females;Towns and suburbs;2.0;36.7;23.4;0.0;38.0
228;75 years or over;Norway;Males;Cities;6.5;32.3;23.8;0.0;37.4
229;75 years or over;Norway;Males;Rural areas;3.4;29.2;26.6;0.0;40.8
230;75 years or over;Norway;Males;Towns and suburbs;8.9;27.7;34.1;0.0;29.4
234;75 years or over;Poland;Females;Cities;0.6;10.4;3.7;24.4;60.9
235;75 years or over;Poland;Females;Rural areas;0.4;3.7;1.1;13.1;81.6
236;75 years or over;Poland;Females;Towns and suburbs;0.0;5.7;2.1;16.3;76.0
240;75 years or over;Poland;Males;Cities;1.7;19.6;15.4;27.7;35.7
241;75 years or over;Poland;Males;Rural areas;0.9;19.5;7.7;24.1;47.8
242;75 years or over;Poland;Males;Towns and suburbs;1.6;17.1;8.7;27.6;45.1
246;75 years or over;Portugal;Females;Cities;21.5;5.7;6.4;11.4;55.0
247;75 years or over;Portugal;Females;Rural areas;18.2;3.0;6.7;4.2;67.9
248;75 years or over;Portugal;Females;Towns and suburbs;16.5;6.0;5.5;10.1;61.9
252;75 years or over;Portugal;Males;Cities;61.5;2.9;14.0;4.8;16.8
253;75 years or over;Portugal;Males;Rural areas;53.0;5.1;5.9;5.1;31.0
254;75 years or over;Portugal;Males;Towns and suburbs;54.4;3.5;8.6;5.7;27.9
258;75 years or over;Romania;Females;Cities;0.0;10.2;0.6;11.3;78.0
259;75 years or over;Romania;Females;Rural areas;1.7;10.4;3.3;8.0;76.6
260;75 years or over;Romania;Females;Towns and suburbs;0.3;9.8;4.7;8.1;77.1
264;75 years or over;Romania;Males;Cities;6.8;27.1;5.9;11.6;48.6
265;75 years or over;Romania;Males;Rural areas;5.7;24.8;14.3;8.2;46.9
266;75 years or over;Romania;Males;Towns and suburbs;6.1;28.8;16.2;5.8;43.1
276;75 years or over;Slovakia;Females;Cities;0.9;16.5;3.6;22.8;56.2
277;75 years or over;Slovakia;Females;Rural areas;0.0;7.9;0.7;11.9;79.6
278;75 years or over;Slovakia;Females;Towns and suburbs;2.2;8.1;2.0;17.9;69.8
282;75 years or over;Slovakia;Males;Cities;11.5;23.5;15.5;17.8;31.6
283;75 years or over;Slovakia;Males;Rural areas;7.3;15.4;14.3;23.7;39.3
284;75 years or over;Slovakia;Males;Towns and suburbs;5.7;23.6;12.2;23.6;35.0
288;75 years or over;Slovenia;Females;Cities;6.3;25.8;11.3;29.1;27.5
289;75 years or over;Slovenia;Females;Rural areas;9.3;13.4;16.8;15.7;44.8
290;75 years or over;Slovenia;Females;Towns and suburbs;9.9;19.1;9.0;16.2;45.8
294;75 years or over;Slovenia;Males;Cities;24.6;4.9;29.5;18.5;22.5
295;75 years or over;Slovenia;Males;Rural areas;25.0;15.1;26.3;10.2;23.4
296;75 years or over;Slovenia;Males;Towns and suburbs;21.5;9.2;43.1;10.5;15.6
300;75 years or over;Spain;Females;Cities;12.5;9.2;4.7;11.9;61.7
301;75 years or over;Spain;Females;Rural areas;12.7;6.1;1.7;7.1;72.4
302;75 years or over;Spain;Females;Towns and suburbs;11.2;4.9;6.6;11.6;65.7
306;75 years or over;Spain;Males;Cities;38.6;9.5;10.8;7.3;33.8
307;75 years or over;Spain;Males;Rural areas;42.9;7.1;6.9;7.3;35.9
308;75 years or over;Spain;Males;Towns and suburbs;39.0;9.6;11.9;4.3;35.2
312;75 years or over;Sweden;Females;Cities;1.7;21.1;21.9;16.4;39.0
313;75 years or over;Sweden;Females;Rural areas;2.7;24.5;24.1;15.2;33.4
314;75 years or over;Sweden;Females;Towns and suburbs;5.3;19.7;25.7;13.4;36.0
318;75 years or over;Sweden;Males;Cities;5.9;20.8;29.2;9.3;34.8
319;75 years or over;Sweden;Males;Rural areas;16.9;20.3;33.9;9.4;19.4
320;75 years or over;Sweden;Males;Towns and suburbs;13.2;17.8;34.6;15.5;18.9
324;75 years or over;Türkiye;Females;Cities;0.0;0.0;0.0;0.0;0.0
325;75 years or over;Türkiye;Females;Rural areas;0.0;0.0;0.0;0.0;0.0
326;75 years or over;Türkiye;Females;Towns and suburbs;0.0;0.0;0.0;0.0;0.0
330;75 years or over;Türkiye;Males;Cities;0.0;0.0;0.0;0.0;0.0
331;75 years or over;Türkiye;Males;Rural areas;0.0;0.0;0.0;0.0;0.0
332;75 years or over;Türkiye;Males;Towns and suburbs;0.0;0.0;0.0;0.0;0.0
336;75 years or over;United Kingdom;Females;Cities;11.2;12.0;22.1;18.5;36.3
337;75 years or over;United Kingdom;Females;Rural areas;18.0;10.3;24.5;16.5;30.7
338;75 years or over;United Kingdom;Females;Towns and suburbs;12.5;10.0;27.3;21.5;28.7
339;75 years or over;United Kingdom;Males;Cities;20.3;11.2;36.7;13.3;18.5
340;75 years or over;United Kingdom;Males;Rural areas;23.6;9.0;37.1;13.3;17.0
341;75 years or over;United Kingdom;Males;Towns and suburbs;24.0;8.8;38.0;10.1;19.1
342;From 15 to 24 years;Austria;Females;Cities;0.0;33.1;21.4;19.1;26.4
343;From 15 to 24 years;Austria;Females;Rural areas;0.0;55.4;21.7;14.8;8.1
344;From 15 to 24 years;Austria;Females;Towns and suburbs;0.0;44.1;19.8;16.9;19.2
348;From 15 to 24 years;Austria;Males;Cities;0.5;43.5;30.3;7.0;18.8
349;From 15 to 24 years;Austria;Males;Rural areas;1.9;37.3;41.6;8.2;11.0
350;From 15 to 24 years;Austria;Males;Towns and suburbs;0.6;38.6;36.7;7.7;16.3
354;From 15 to 24 years;Belgium;Females;Cities;0.5;15.7;29.0;14.7;40.1
355;From 15 to 24 years;Belgium;Females;Rural areas;0.0;44.4;30.9;9.1;15.6
356;From 15 to 24 years;Belgium;Females;Towns and suburbs;0.0;33.7;39.4;12.7;14.3
360;From 15 to 24 years;Belgium;Males;Cities;1.0;19.3;42.4;7.0;30.2
361;From 15 to 24 years;Belgium;Males;Rural areas;3.9;20.3;50.0;8.5;17.4
362;From 15 to 24 years;Belgium;Males;Towns and suburbs;1.0;29.9;43.9;8.5;16.7
366;From 15 to 24 years;Bulgaria;Females;Cities;0.8;19.7;9.7;20.3;49.6
367;From 15 to 24 years;Bulgaria;Females;Rural areas;0.6;16.3;3.1;13.5;66.6
368;From 15 to 24 years;Bulgaria;Females;Towns and suburbs;0.0;11.3;3.7;21.8;63.1
372;From 15 to 24 years;Bulgaria;Males;Cities;5.5;30.3;10.8;12.2;41.2
373;From 15 to 24 years;Bulgaria;Males;Rural areas;5.1;20.4;28.0;3.2;43.3
374;From 15 to 24 years;Bulgaria;Males;Towns and suburbs;0.0;21.2;16.5;11.8;50.5
378;From 15 to 24 years;Croatia;Females;Cities;0.0;31.5;5.3;29.9;33.3
379;From 15 to 24 years;Croatia;Females;Rural areas;0.0;25.7;2.8;20.2;51.3
380;From 15 to 24 years;Croatia;Females;Towns and suburbs;1.4;13.7;6.1;14.4;64.4
384;From 15 to 24 years;Croatia;Males;Cities;0.0;47.6;4.8;16.1;31.4
385;From 15 to 24 years;Croatia;Males;Rural areas;2.0;34.0;10.6;12.7;40.7
386;From 15 to 24 years;Croatia;Males;Towns and suburbs;4.6;28.5;16.6;13.8;36.5
390;From 15 to 24 years;Cyprus;Females;Cities;0.0;18.0;9.8;9.9;62.2
391;From 15 to 24 years;Cyprus;Females;Rural areas;0.6;19.6;2.9;3.3;73.7
392;From 15 to 24 years;Cyprus;Females;Towns and suburbs;0.0;16.6;10.8;6.1;66.5
396;From 15 to 24 years;Cyprus;Males;Cities;0.0;27.9;18.9;12.1;41.0
397;From 15 to 24 years;Cyprus;Males;Rural areas;2.1;30.1;16.7;15.3;35.8
398;From 15 to 24 years;Cyprus;Males;Towns and suburbs;1.1;27.5;11.9;17.4;42.1
402;From 15 to 24 years;Czechia;Females;Cities;0.0;36.5;22.9;26.4;14.2
403;From 15 to 24 years;Czechia;Females;Rural areas;0.0;44.4;21.5;12.9;21.2
404;From 15 to 24 years;Czechia;Females;Towns and suburbs;0.0;40.8;20.5;18.5;20.1
408;From 15 to 24 years;Czechia;Males;Cities;3.4;17.8;45.4;9.7;23.7
409;From 15 to 24 years;Czechia;Males;Rural areas;1.5;30.8;42.8;13.1;11.9
410;From 15 to 24 years;Czechia;Males;Towns and suburbs;5.1;24.2;45.5;9.1;16.1
414;From 15 to 24 years;Denmark;Females;Cities;0.0;46.9;28.3;17.2;7.6
415;From 15 to 24 years;Denmark;Females;Rural areas;0.0;50.0;12.5;26.5;11.0
416;From 15 to 24 years;Denmark;Females;Towns and suburbs;0.0;40.6;31.3;25.0;3.1
420;From 15 to 24 years;Denmark;Males;Cities;2.2;39.1;37.0;10.9;10.9
421;From 15 to 24 years;Denmark;Males;Rural areas;1.0;39.4;24.0;19.2;16.3
422;From 15 to 24 years;Denmark;Males;Towns and suburbs;2.0;38.8;26.5;8.2;24.5
426;From 15 to 24 years;Estonia;Females;Cities;0.0;21.5;16.6;38.2;23.7
427;From 15 to 24 years;Estonia;Females;Rural areas;0.0;30.8;6.0;35.5;27.7
428;From 15 to 24 years;Estonia;Females;Towns and suburbs;0.0;25.8;5.4;37.6;31.2
432;From 15 to 24 years;Estonia;Males;Cities;0.0;24.0;27.2;27.1;21.8
433;From 15 to 24 years;Estonia;Males;Rural areas;0.6;31.4;22.9;18.1;26.9
434;From 15 to 24 years;Estonia;Males;Towns and suburbs;0.0;19.0;17.6;40.8;22.6
438;From 15 to 24 years;Finland;Females;Cities;0.0;38.7;24.9;16.9;19.5
439;From 15 to 24 years;Finland;Females;Rural areas;0.0;34.7;15.6;26.5;23.3
440;From 15 to 24 years;Finland;Females;Towns and suburbs;0.0;44.8;12.8;18.3;24.1
441;From 15 to 24 years;Finland;Males;Cities;0.0;42.0;29.6;7.7;20.7
442;From 15 to 24 years;Finland;Males;Rural areas;0.0;41.0;17.9;17.5;23.7
443;From 15 to 24 years;Finland;Males;Towns and suburbs;0.0;36.4;31.1;14.2;18.3
450;From 15 to 24 years;Germany;Females;Cities;0.3;33.2;30.7;18.9;16.9
451;From 15 to 24 years;Germany;Females;Rural areas;0.7;45.3;23.0;18.9;12.0
452;From 15 to 24 years;Germany;Females;Towns and suburbs;0.3;37.8;24.2;18.5;19.2
456;From 15 to 24 years;Germany;Males;Cities;1.7;29.0;34.9;12.4;22.0
457;From 15 to 24 years;Germany;Males;Rural areas;1.6;34.9;41.5;12.1;9.9
458;From 15 to 24 years;Germany;Males;Towns and suburbs;1.3;30.0;40.7;13.6;14.4
462;From 15 to 24 years;Greece;Females;Cities;0.3;35.9;34.8;12.0;17.0
463;From 15 to 24 years;Greece;Females;Rural areas;0.0;23.4;11.6;11.5;53.4
464;From 15 to 24 years;Greece;Females;Towns and suburbs;0.0;29.7;21.1;14.1;35.1
468;From 15 to 24 years;Greece;Males;Cities;0.3;31.4;34.4;11.4;22.6
469;From 15 to 24 years;Greece;Males;Rural areas;0.0;39.1;33.9;2.6;24.4
470;From 15 to 24 years;Greece;Males;Towns and suburbs;2.6;27.0;26.8;21.8;21.8
474;From 15 to 24 years;Hungary;Females;Cities;0.0;37.5;12.3;21.4;28.7
475;From 15 to 24 years;Hungary;Females;Rural areas;0.0;20.5;6.1;29.9;43.5
476;From 15 to 24 years;Hungary;Females;Towns and suburbs;0.0;22.7;1.7;35.5;40.0
480;From 15 to 24 years;Hungary;Males;Cities;0.0;33.6;29.4;17.0;20.0
481;From 15 to 24 years;Hungary;Males;Rural areas;0.7;38.7;15.6;22.3;22.6
482;From 15 to 24 years;Hungary;Males;Towns and suburbs;0.5;27.9;22.6;28.3;20.7
486;From 15 to 24 years;Iceland;Females;Cities;0.5;39.8;8.2;22.3;29.3
487;From 15 to 24 years;Iceland;Females;Rural areas;0.0;25.8;11.6;24.9;37.7
488;From 15 to 24 years;Iceland;Females;Towns and suburbs;0.0;42.7;2.8;22.6;31.9
492;From 15 to 24 years;Iceland;Males;Cities;0.0;35.2;9.8;18.8;36.2
493;From 15 to 24 years;Iceland;Males;Rural areas;0.0;28.3;16.6;14.9;40.2
494;From 15 to 24 years;Iceland;Males;Towns and suburbs;0.0;36.7;8.0;14.4;40.9
498;From 15 to 24 years;Ireland;Females;Cities;0.0;37.8;41.4;9.5;11.4
499;From 15 to 24 years;Ireland;Females;Rural areas;0.0;42.4;22.3;9.3;26.0
500;From 15 to 24 years;Ireland;Females;Towns and suburbs;0.0;30.6;25.3;11.4;32.8
504;From 15 to 24 years;Ireland;Males;Cities;0.0;21.8;48.7;18.7;10.9
505;From 15 to 24 years;Ireland;Males;Rural areas;0.0;39.0;25.5;4.0;31.6
506;From 15 to 24 years;Ireland;Males;Towns and suburbs;0.0;30.9;28.0;7.9;33.2
510;From 15 to 24 years;Latvia;Females;Cities;1.2;36.0;8.1;21.7;33.0
511;From 15 to 24 years;Latvia;Females;Rural areas;0.0;35.4;5.7;27.8;31.1
512;From 15 to 24 years;Latvia;Females;Towns and suburbs;0.0;25.8;11.1;35.4;27.7
516;From 15 to 24 years;Latvia;Males;Cities;0.0;29.2;21.9;23.2;25.7
517;From 15 to 24 years;Latvia;Males;Rural areas;0.0;40.4;7.2;28.8;23.6
518;From 15 to 24 years;Latvia;Males;Towns and suburbs;0.9;32.2;7.1;37.4;22.4
522;From 15 to 24 years;Lithuania;Females;Cities;0.0;26.8;8.1;17.9;47.2
523;From 15 to 24 years;Lithuania;Females;Rural areas;0.0;29.9;3.7;23.8;42.6
524;From 15 to 24 years;Lithuania;Females;Towns and suburbs;0.0;63.5;3.7;14.0;18.7
528;From 15 to 24 years;Lithuania;Males;Cities;0.0;33.6;12.8;20.8;32.8
529;From 15 to 24 years;Lithuania;Males;Rural areas;0.0;33.9;12.3;19.1;34.7
530;From 15 to 24 years;Lithuania;Males;Towns and suburbs;0.0;40.6;0.0;18.3;41.1
534;From 15 to 24 years;Luxembourg;Females;Cities;0.0;25.8;25.8;9.7;38.7
535;From 15 to 24 years;Luxembourg;Females;Rural areas;0.0;40.2;15.9;18.7;25.2
536;From 15 to 24 years;Luxembourg;Females;Towns and suburbs;0.0;28.2;20.2;24.3;27.4
540;From 15 to 24 years;Luxembourg;Males;Cities;0.0;20.0;50.0;10.0;20.0
541;From 15 to 24 years;Luxembourg;Males;Rural areas;2.9;31.2;33.8;15.3;16.8
542;From 15 to 24 years;Luxembourg;Males;Towns and suburbs;0.0;44.8;26.9;7.6;20.8
546;From 15 to 24 years;Malta;Females;Cities;0.0;37.9;27.1;12.5;22.6
547;From 15 to 24 years;Malta;Females;Rural areas;0.0;38.5;26.9;3.8;30.8
548;From 15 to 24 years;Malta;Females;Towns and suburbs;0.0;30.7;42.1;11.9;15.3
552;From 15 to 24 years;Malta;Males;Cities;1.1;29.9;48.1;12.3;8.6
553;From 15 to 24 years;Malta;Males;Rural areas;0.0;0.0;0.0;0.0;0.0
554;From 15 to 24 years;Malta;Males;Towns and suburbs;2.1;22.2;53.1;5.3;17.3
564;From 15 to 24 years;Norway;Females;Cities;0.6;59.9;14.0;0.0;25.5
565;From 15 to 24 years;Norway;Females;Rural areas;0.0;69.8;6.4;0.0;23.8
566;From 15 to 24 years;Norway;Females;Towns and suburbs;0.0;63.0;10.7;0.0;26.4
570;From 15 to 24 years;Norway;Males;Cities;0.0;45.1;30.2;0.0;24.7
571;From 15 to 24 years;Norway;Males;Rural areas;0.0;62.4;10.8;0.0;26.8
572;From 15 to 24 years;Norway;Males;Towns and suburbs;0.0;58.9;15.0;0.0;26.1
576;From 15 to 24 years;Poland;Females;Cities;0.0;29.6;18.1;20.7;31.6
577;From 15 to 24 years;Poland;Females;Rural areas;0.0;17.3;1.9;24.1;56.7
578;From 15 to 24 years;Poland;Females;Towns and suburbs;0.0;20.0;6.2;21.1;52.7
582;From 15 to 24 years;Poland;Males;Cities;2.0;34.1;24.1;13.6;26.2
583;From 15 to 24 years;Poland;Males;Rural areas;0.1;31.7;13.3;16.7;38.3
584;From 15 to 24 years;Poland;Males;Towns and suburbs;1.2;35.0;14.0;17.5;32.3
588;From 15 to 24 years;Portugal;Females;Cities;0.0;29.6;12.1;25.2;33.1
589;From 15 to 24 years;Portugal;Females;Rural areas;0.0;24.1;6.6;24.8;44.5
590;From 15 to 24 years;Portugal;Females;Towns and suburbs;0.0;26.9;12.1;19.3;41.7
594;From 15 to 24 years;Portugal;Males;Cities;0.1;30.0;21.0;18.5;30.3
595;From 15 to 24 years;Portugal;Males;Rural areas;1.9;19.6;34.3;15.4;28.8
596;From 15 to 24 years;Portugal;Males;Towns and suburbs;2.0;28.0;31.9;16.5;21.5
600;From 15 to 24 years;Romania;Females;Cities;0.0;15.2;1.3;15.9;67.6
601;From 15 to 24 years;Romania;Females;Rural areas;0.0;14.5;1.2;10.1;74.2
602;From 15 to 24 years;Romania;Females;Towns and suburbs;0.0;12.1;1.7;11.3;74.9
606;From 15 to 24 years;Romania;Males;Cities;0.2;26.6;7.3;10.8;55.2
607;From 15 to 24 years;Romania;Males;Rural areas;1.1;24.3;10.8;9.1;54.6
608;From 15 to 24 years;Romania;Males;Towns and suburbs;0.0;21.5;10.3;12.1;56.1
618;From 15 to 24 years;Slovakia;Females;Cities;0.8;28.3;6.7;20.7;43.6
619;From 15 to 24 years;Slovakia;Females;Rural areas;0.0;23.9;3.5;28.4;44.3
620;From 15 to 24 years;Slovakia;Females;Towns and suburbs;0.0;32.0;7.9;19.0;41.2
624;From 15 to 24 years;Slovakia;Males;Cities;0.0;34.5;15.6;21.4;28.5
625;From 15 to 24 years;Slovakia;Males;Rural areas;0.0;38.7;20.7;14.8;25.7
626;From 15 to 24 years;Slovakia;Males;Towns and suburbs;0.0;34.8;19.2;12.3;33.7
630;From 15 to 24 years;Slovenia;Females;Cities;0.0;28.7;15.0;23.7;32.6
631;From 15 to 24 years;Slovenia;Females;Rural areas;0.8;38.0;15.9;19.1;26.2
632;From 15 to 24 years;Slovenia;Females;Towns and suburbs;0.0;40.8;12.2;28.9;18.1
636;From 15 to 24 years;Slovenia;Males;Cities;1.7;43.6;18.2;16.4;20.1
637;From 15 to 24 years;Slovenia;Males;Rural areas;1.7;33.4;31.6;12.5;20.8
638;From 15 to 24 years;Slovenia;Males;Towns and suburbs;3.0;39.6;28.4;13.8;15.1
642;From 15 to 24 years;Spain;Females;Cities;0.0;30.5;13.7;18.4;37.4
643;From 15 to 24 years;Spain;Females;Rural areas;0.0;25.8;18.9;14.5;40.7
644;From 15 to 24 years;Spain;Females;Towns and suburbs;0.1;31.3;15.9;14.8;37.9
648;From 15 to 24 years;Spain;Males;Cities;2.6;28.0;29.6;7.9;31.9
649;From 15 to 24 years;Spain;Males;Rural areas;0.8;28.8;23.4;15.8;31.2
650;From 15 to 24 years;Spain;Males;Towns and suburbs;0.0;23.6;30.8;9.9;35.8
654;From 15 to 24 years;Sweden;Females;Cities;0.0;32.3;10.3;21.1;36.2
655;From 15 to 24 years;Sweden;Females;Rural areas;0.5;25.5;18.8;14.7;40.5
656;From 15 to 24 years;Sweden;Females;Towns and suburbs;0.0;31.3;12.7;22.7;33.3
660;From 15 to 24 years;Sweden;Males;Cities;0.0;36.3;12.1;15.4;36.2
661;From 15 to 24 years;Sweden;Males;Rural areas;0.4;24.1;21.2;19.1;35.1
662;From 15 to 24 years;Sweden;Males;Towns and suburbs;1.2;31.5;17.4;15.0;35.0
666;From 15 to 24 years;Türkiye;Females;Cities;0.0;0.0;0.0;0.0;0.0
667;From 15 to 24 years;Türkiye;Females;Rural areas;0.0;0.0;0.0;0.0;0.0
668;From 15 to 24 years;Türkiye;Females;Towns and suburbs;0.0;0.0;0.0;0.0;0.0
672;From 15 to 24 years;Türkiye;Males;Cities;0.0;0.0;0.0;0.0;0.0
673;From 15 to 24 years;Türkiye;Males;Rural areas;0.0;0.0;0.0;0.0;0.0
674;From 15 to 24 years;Türkiye;Males;Towns and suburbs;0.0;0.0;0.0;0.0;0.0
678;From 15 to 24 years;United Kingdom;Females;Cities;0.0;21.1;25.4;26.9;26.6
679;From 15 to 24 years;United Kingdom;Females;Rural areas;0.0;14.2;44.5;20.6;20.7
680;From 15 to 24 years;United Kingdom;Females;Towns and suburbs;0.8;38.2;36.2;15.7;9.1
681;From 15 to 24 years;United Kingdom;Males;Cities;0.1;21.8;33.2;19.6;25.2
682;From 15 to 24 years;United Kingdom;Males;Rural areas;0.0;17.7;44.9;25.7;11.7
683;From 15 to 24 years;United Kingdom;Males;Towns and suburbs;2.5;19.1;36.6;13.4;28.4
684;From 25 to 34 years;Austria;Females;Cities;0.5;32.5;20.3;21.3;25.4
685;From 25 to 34 years;Austria;Females;Rural areas;0.9;39.2;15.2;23.3;21.4
686;From 25 to 34 years;Austria;Females;Towns and suburbs;0.0;35.6;17.3;22.4;24.8
690;From 25 to 34 years;Austria;Males;Cities;5.2;31.2;44.5;8.3;10.8
691;From 25 to 34 years;Austria;Males;Rural areas;4.2;36.2;46.7;7.3;5.6
692;From 25 to 34 years;Austria;Males;Towns and suburbs;3.0;38.4;34.7;12.8;11.1
696;From 25 to 34 years;Belgium;Females;Cities;2.1;27.4;25.0;16.0;29.5
697;From 25 to 34 years;Belgium;Females;Rural areas;1.4;38.9;23.8;22.5;13.4
698;From 25 to 34 years;Belgium;Females;Towns and suburbs;2.0;41.4;27.7;14.2;14.7
702;From 25 to 34 years;Belgium;Males;Cities;4.4;14.9;54.8;8.7;17.2
703;From 25 to 34 years;Belgium;Males;Rural areas;8.8;31.9;39.0;7.5;12.8
704;From 25 to 34 years;Belgium;Males;Towns and suburbs;14.4;22.4;48.5;7.0;7.6
708;From 25 to 34 years;Bulgaria;Females;Cities;4.7;47.7;13.9;12.1;21.7
709;From 25 to 34 years;Bulgaria;Females;Rural areas;1.2;23.6;15.5;19.1;40.7
710;From 25 to 34 years;Bulgaria;Females;Towns and suburbs;2.6;24.3;7.9;16.9;48.3
714;From 25 to 34 years;Bulgaria;Males;Cities;11.4;39.1;28.3;8.1;13.1
715;From 25 to 34 years;Bulgaria;Males;Rural areas;14.8;28.0;32.6;8.1;16.5
716;From 25 to 34 years;Bulgaria;Males;Towns and suburbs;6.1;32.2;21.2;11.0;29.4
720;From 25 to 34 years;Croatia;Females;Cities;0.0;39.1;13.1;10.8;37.0
721;From 25 to 34 years;Croatia;Females;Rural areas;2.2;16.2;5.5;20.7;55.4
722;From 25 to 34 years;Croatia;Females;Towns and suburbs;0.0;16.4;6.9;15.9;60.7
726;From 25 to 34 years;Croatia;Males;Cities;3.6;36.7;30.5;9.9;19.2
727;From 25 to 34 years;Croatia;Males;Rural areas;4.2;32.4;20.9;14.9;27.6
728;From 25 to 34 years;Croatia;Males;Towns and suburbs;6.8;33.7;24.8;8.0;26.7
732;From 25 to 34 years;Cyprus;Females;Cities;2.0;26.7;9.3;11.8;50.2
733;From 25 to 34 years;Cyprus;Females;Rural areas;0.0;23.3;7.2;3.1;66.3
734;From 25 to 34 years;Cyprus;Females;Towns and suburbs;0.0;24.7;12.0;3.9;59.5
738;From 25 to 34 years;Cyprus;Males;Cities;2.8;34.3;33.0;7.7;22.2
739;From 25 to 34 years;Cyprus;Males;Rural areas;2.1;46.8;21.6;5.2;24.3
740;From 25 to 34 years;Cyprus;Males;Towns and suburbs;0.0;25.1;32.4;11.1;31.4
744;From 25 to 34 years;Czechia;Females;Cities;0.0;50.0;25.7;14.7;9.5
745;From 25 to 34 years;Czechia;Females;Rural areas;2.4;39.7;28.3;19.5;10.0
746;From 25 to 34 years;Czechia;Females;Towns and suburbs;1.6;35.7;22.8;19.9;20.0
750;From 25 to 34 years;Czechia;Males;Cities;4.1;29.7;59.8;4.6;1.7
751;From 25 to 34 years;Czechia;Males;Rural areas;6.9;26.2;48.6;7.3;11.0
752;From 25 to 34 years;Czechia;Males;Towns and suburbs;7.3;26.5;52.2;8.8;5.2
756;From 25 to 34 years;Denmark;Females;Cities;0.0;43.9;30.6;15.6;10.0
757;From 25 to 34 years;Denmark;Females;Rural areas;0.0;32.5;14.5;35.0;17.9
758;From 25 to 34 years;Denmark;Females;Towns and suburbs;0.0;38.9;19.4;27.8;13.9
762;From 25 to 34 years;Denmark;Males;Cities;2.8;31.2;49.6;9.9;6.4
763;From 25 to 34 years;Denmark;Males;Rural areas;4.1;31.5;43.8;13.7;6.8
764;From 25 to 34 years;Denmark;Males;Towns and suburbs;2.6;36.8;28.9;23.7;7.9
768;From 25 to 34 years;Estonia;Females;Cities;0.0;38.0;19.4;30.5;12.1
769;From 25 to 34 years;Estonia;Females;Rural areas;0.0;37.3;16.3;33.2;13.1
770;From 25 to 34 years;Estonia;Females;Towns and suburbs;0.8;33.7;13.5;31.3;20.8
774;From 25 to 34 years;Estonia;Males;Cities;1.6;41.1;36.4;15.6;5.3
775;From 25 to 34 years;Estonia;Males;Rural areas;3.4;35.6;35.2;20.7;5.1
776;From 25 to 34 years;Estonia;Males;Towns and suburbs;3.6;34.9;34.1;21.6;5.8
780;From 25 to 34 years;Finland;Females;Cities;1.1;39.4;31.1;20.8;7.7
781;From 25 to 34 years;Finland;Females;Rural areas;0.0;30.7;17.4;34.2;17.7
782;From 25 to 34 years;Finland;Females;Towns and suburbs;0.7;42.4;16.1;32.5;8.3
783;From 25 to 34 years;Finland;Males;Cities;0.9;34.2;45.2;10.7;9.0
784;From 25 to 34 years;Finland;Males;Rural areas;2.1;29.1;40.3;13.1;15.5
785;From 25 to 34 years;Finland;Males;Towns and suburbs;1.0;31.8;47.6;12.4;7.2
792;From 25 to 34 years;Germany;Females;Cities;1.5;33.2;33.9;16.2;15.2
793;From 25 to 34 years;Germany;Females;Rural areas;3.3;36.0;19.6;24.1;17.1
794;From 25 to 34 years;Germany;Females;Towns and suburbs;0.4;32.9;28.4;23.6;14.8
798;From 25 to 34 years;Germany;Males;Cities;4.3;25.5;51.6;8.5;10.1
799;From 25 to 34 years;Germany;Males;Rural areas;6.6;22.4;55.8;10.1;5.2
800;From 25 to 34 years;Germany;Males;Towns and suburbs;4.1;28.0;49.2;10.2;8.5
804;From 25 to 34 years;Greece;Females;Cities;0.8;39.9;18.5;9.8;30.9
805;From 25 to 34 years;Greece;Females;Rural areas;0.0;27.6;14.6;18.3;39.5
806;From 25 to 34 years;Greece;Females;Towns and suburbs;0.2;34.8;26.8;14.7;23.5
810;From 25 to 34 years;Greece;Males;Cities;2.2;34.2;45.2;6.7;11.7
811;From 25 to 34 years;Greece;Males;Rural areas;5.2;32.8;51.0;4.2;6.8
812;From 25 to 34 years;Greece;Males;Towns and suburbs;2.0;36.0;38.8;11.6;11.6
816;From 25 to 34 years;Hungary;Females;Cities;0.0;30.1;15.7;27.0;27.3
817;From 25 to 34 years;Hungary;Females;Rural areas;0.0;22.1;3.2;34.5;40.3
818;From 25 to 34 years;Hungary;Females;Towns and suburbs;0.0;24.0;7.3;35.1;33.6
822;From 25 to 34 years;Hungary;Males;Cities;9.0;32.4;29.9;21.0;7.7
823;From 25 to 34 years;Hungary;Males;Rural areas;6.6;29.2;22.0;22.2;20.0
824;From 25 to 34 years;Hungary;Males;Towns and suburbs;1.9;29.7;25.5;29.2;13.7
828;From 25 to 34 years;Iceland;Females;Cities;0.0;41.6;16.0;36.3;6.2
829;From 25 to 34 years;Iceland;Females;Rural areas;0.0;48.6;2.0;38.3;11.1
830;From 25 to 34 years;Iceland;Females;Towns and suburbs;0.0;28.6;9.0;61.0;1.3
834;From 25 to 34 years;Iceland;Males;Cities;0.7;44.5;28.2;18.8;7.9
835;From 25 to 34 years;Iceland;Males;Rural areas;0.0;51.6;35.0;8.3;5.1
836;From 25 to 34 years;Iceland;Males;Towns and suburbs;0.0;46.1;15.9;27.9;10.0
840;From 25 to 34 years;Ireland;Females;Cities;0.0;33.5;36.2;17.2;13.1
841;From 25 to 34 years;Ireland;Females;Rural areas;0.0;43.3;30.2;16.3;10.1
842;From 25 to 34 years;Ireland;Females;Towns and suburbs;0.0;44.9;29.1;18.6;7.4
846;From 25 to 34 years;Ireland;Males;Cities;1.8;31.9;49.3;8.9;8.2
847;From 25 to 34 years;Ireland;Males;Rural areas;0.7;34.0;32.3;17.5;15.5
848;From 25 to 34 years;Ireland;Males;Towns and suburbs;1.2;42.4;44.2;5.5;6.7
852;From 25 to 34 years;Latvia;Females;Cities;0.4;39.2;17.7;24.7;18.1
853;From 25 to 34 years;Latvia;Females;Rural areas;0.6;32.6;9.7;40.5;16.5
854;From 25 to 34 years;Latvia;Females;Towns and suburbs;0.0;43.3;4.5;35.1;17.1
858;From 25 to 34 years;Latvia;Males;Cities;2.4;35.1;33.7;17.4;11.3
859;From 25 to 34 years;Latvia;Males;Rural areas;1.6;56.0;21.1;15.7;5.6
860;From 25 to 34 years;Latvia;Males;Towns and suburbs;2.0;48.6;22.7;20.7;6.0
864;From 25 to 34 years;Lithuania;Females;Cities;0.0;48.1;8.4;29.2;14.3
865;From 25 to 34 years;Lithuania;Females;Rural areas;0.0;44.1;6.2;33.3;16.3
866;From 25 to 34 years;Lithuania;Females;Towns and suburbs;0.0;65.4;0.0;30.2;4.4
870;From 25 to 34 years;Lithuania;Males;Cities;1.5;54.6;19.2;15.4;9.2
871;From 25 to 34 years;Lithuania;Males;Rural areas;0.0;52.1;34.4;10.8;2.7
872;From 25 to 34 years;Lithuania;Males;Towns and suburbs;0.0;61.9;23.8;9.5;4.8
876;From 25 to 34 years;Luxembourg;Females;Cities;1.4;25.4;43.7;8.5;21.1
877;From 25 to 34 years;Luxembourg;Females;Rural areas;1.6;35.1;28.4;15.7;19.2
878;From 25 to 34 years;Luxembourg;Females;Towns and suburbs;0.8;25.9;28.4;17.9;26.9
882;From 25 to 34 years;Luxembourg;Males;Cities;1.6;31.3;60.9;1.6;4.7
883;From 25 to 34 years;Luxembourg;Males;Rural areas;5.6;25.1;54.6;9.0;5.6
884;From 25 to 34 years;Luxembourg;Males;Towns and suburbs;7.8;22.0;50.3;5.7;14.2
888;From 25 to 34 years;Malta;Females;Cities;2.6;34.2;21.1;24.5;17.6
889;From 25 to 34 years;Malta;Females;Rural areas;0.0;33.3;13.3;20.0;33.3
890;From 25 to 34 years;Malta;Females;Towns and suburbs;2.3;31.4;33.2;12.8;20.3
894;From 25 to 34 years;Malta;Males;Cities;1.0;43.0;39.1;11.0;5.9
895;From 25 to 34 years;Malta;Males;Rural areas;0.0;19.2;61.5;3.8;15.4
896;From 25 to 34 years;Malta;Males;Towns and suburbs;5.9;29.9;47.9;6.4;10.0
906;From 25 to 34 years;Norway;Females;Cities;0.0;53.1;30.3;0.0;16.6
907;From 25 to 34 years;Norway;Females;Rural areas;0.0;69.2;12.1;0.0;18.7
908;From 25 to 34 years;Norway;Females;Towns and suburbs;0.0;59.1;12.8;0.0;28.0
912;From 25 to 34 years;Norway;Males;Cities;2.0;50.4;38.6;0.0;9.1
913;From 25 to 34 years;Norway;Males;Rural areas;0.7;61.9;26.8;0.0;10.6
914;From 25 to 34 years;Norway;Males;Towns and suburbs;1.7;58.0;25.3;0.0;14.9
918;From 25 to 34 years;Poland;Females;Cities;0.4;34.8;21.2;24.2;19.4
919;From 25 to 34 years;Poland;Females;Rural areas;0.0;24.8;6.2;36.5;32.5
920;From 25 to 34 years;Poland;Females;Towns and suburbs;0.7;30.6;11.2;31.8;25.7
924;From 25 to 34 years;Poland;Males;Cities;3.9;36.9;37.8;14.2;7.2
925;From 25 to 34 years;Poland;Males;Rural areas;3.2;41.0;27.1;19.5;9.2
926;From 25 to 34 years;Poland;Males;Towns and suburbs;2.7;39.2;34.8;18.3;4.9
930;From 25 to 34 years;Portugal;Females;Cities;0.9;30.1;13.2;21.3;34.6
931;From 25 to 34 years;Portugal;Females;Rural areas;1.7;17.0;11.3;22.8;47.2
932;From 25 to 34 years;Portugal;Females;Towns and suburbs;4.7;22.7;18.3;19.6;34.7
936;From 25 to 34 years;Portugal;Males;Cities;12.7;29.8;37.6;11.1;9.0
937;From 25 to 34 years;Portugal;Males;Rural areas;12.6;22.4;45.3;11.5;8.2
938;From 25 to 34 years;Portugal;Males;Towns and suburbs;14.3;25.2;36.9;10.1;13.6
942;From 25 to 34 years;Romania;Females;Cities;0.0;27.8;3.6;16.9;51.7
943;From 25 to 34 years;Romania;Females;Rural areas;0.5;25.7;6.7;17.1;50.0
944;From 25 to 34 years;Romania;Females;Towns and suburbs;0.0;29.8;5.4;20.3;44.4
948;From 25 to 34 years;Romania;Males;Cities;3.2;42.3;21.7;14.0;18.8
949;From 25 to 34 years;Romania;Males;Rural areas;8.8;29.8;32.2;7.0;22.2
950;From 25 to 34 years;Romania;Males;Towns and suburbs;2.0;34.1;40.6;10.9;12.5
960;From 25 to 34 years;Slovakia;Females;Cities;0.6;30.9;13.9;29.7;24.9
961;From 25 to 34 years;Slovakia;Females;Rural areas;0.0;25.8;4.6;34.9;34.6
962;From 25 to 34 years;Slovakia;Females;Towns and suburbs;0.6;33.5;7.3;31.4;27.2
966;From 25 to 34 years;Slovakia;Males;Cities;3.3;37.3;21.7;26.5;11.2
967;From 25 to 34 years;Slovakia;Males;Rural areas;2.2;47.9;24.4;12.3;13.3
968;From 25 to 34 years;Slovakia;Males;Towns and suburbs;3.7;35.3;28.8;15.7;16.4
972;From 25 to 34 years;Slovenia;Females;Cities;0.0;38.5;15.9;28.3;17.2
973;From 25 to 34 years;Slovenia;Females;Rural areas;0.4;33.3;21.8;25.5;19.1
974;From 25 to 34 years;Slovenia;Females;Towns and suburbs;0.6;36.6;14.5;22.3;26.0
978;From 25 to 34 years;Slovenia;Males;Cities;4.2;25.2;49.0;15.8;5.8
979;From 25 to 34 years;Slovenia;Males;Rural areas;6.2;30.0;38.3;13.4;12.1
980;From 25 to 34 years;Slovenia;Males;Towns and suburbs;4.7;25.9;37.6;11.6;20.2
984;From 25 to 34 years;Spain;Females;Cities;2.1;28.6;23.3;16.4;29.5
985;From 25 to 34 years;Spain;Females;Rural areas;3.4;24.8;15.9;19.7;36.2
986;From 25 to 34 years;Spain;Females;Towns and suburbs;0.4;22.5;21.6;16.0;39.6
990;From 25 to 34 years;Spain;Males;Cities;6.1;26.0;38.2;14.0;15.7
991;From 25 to 34 years;Spain;Males;Rural areas;8.2;23.8;38.2;11.7;18.0
992;From 25 to 34 years;Spain;Males;Towns and suburbs;8.0;26.2;33.4;15.9;16.5
996;From 25 to 34 years;Sweden;Females;Cities;0.0;33.7;20.8;23.4;22.1
997;From 25 to 34 years;Sweden;Females;Rural areas;0.5;30.3;32.7;18.9;17.5
998;From 25 to 34 years;Sweden;Females;Towns and suburbs;0.0;33.1;18.9;27.8;20.2
1002;From 25 to 34 years;Sweden;Males;Cities;1.1;37.5;34.1;18.7;8.7
1003;From 25 to 34 years;Sweden;Males;Rural areas;1.2;34.0;43.2;11.6;10.0
1004;From 25 to 34 years;Sweden;Males;Towns and suburbs;0.0;45.2;27.8;13.6;13.3
1008;From 25 to 34 years;Türkiye;Females;Cities;0.0;0.0;0.0;0.0;0.0
1009;From 25 to 34 years;Türkiye;Females;Rural areas;0.0;0.0;0.0;0.0;0.0
1010;From 25 to 34 years;Türkiye;Females;Towns and suburbs;0.0;0.0;0.0;0.0;0.0
1014;From 25 to 34 years;Türkiye;Males;Cities;0.0;0.0;0.0;0.0;0.0
1015;From 25 to 34 years;Türkiye;Males;Rural areas;0.0;0.0;0.0;0.0;0.0
1016;From 25 to 34 years;Türkiye;Males;Towns and suburbs;0.0;0.0;0.0;0.0;0.0
1020;From 25 to 34 years;United Kingdom;Females;Cities;2.2;25.4;33.9;18.2;20.3
1021;From 25 to 34 years;United Kingdom;Females;Rural areas;2.3;31.4;36.8;15.6;13.9
1022;From 25 to 34 years;United Kingdom;Females;Towns and suburbs;0.3;19.1;40.8;19.7;20.1
1023;From 25 to 34 years;United Kingdom;Males;Cities;3.2;22.1;53.0;10.2;11.5
1024;From 25 to 34 years;United Kingdom;Males;Rural areas;3.8;22.8;50.1;9.0;14.4
1025;From 25 to 34 years;United Kingdom;Males;Towns and suburbs;0.6;21.1;54.7;20.0;3.5
1026;From 35 to 44 years;Austria;Females;Cities;1.3;31.6;21.5;23.8;21.8
1027;From 35 to 44 years;Austria;Females;Rural areas;0.8;47.0;16.5;21.4;14.2
1028;From 35 to 44 years;Austria;Females;Towns and suburbs;1.7;37.2;24.0;24.8;12.4
1032;From 35 to 44 years;Austria;Males;Cities;5.3;22.8;46.8;9.6;15.5
1033;From 35 to 44 years;Austria;Males;Rural areas;3.5;33.6;43.4;9.2;10.3
1034;From 35 to 44 years;Austria;Males;Towns and suburbs;6.6;32.5;40.4;9.6;10.9
1038;From 35 to 44 years;Belgium;Females;Cities;5.9;25.9;30.8;9.3;28.1
1039;From 35 to 44 years;Belgium;Females;Rural areas;7.1;18.6;48.2;11.4;14.8
1040;From 35 to 44 years;Belgium;Females;Towns and suburbs;5.1;27.5;33.7;18.9;14.8
1044;From 35 to 44 years;Belgium;Males;Cities;14.3;14.0;45.9;5.2;20.7
1045;From 35 to 44 years;Belgium;Males;Rural areas;12.1;15.2;62.7;3.8;6.2
1046;From 35 to 44 years;Belgium;Males;Towns and suburbs;13.7;21.3;54.0;4.6;6.4
1050;From 35 to 44 years;Bulgaria;Females;Cities;6.4;35.1;19.0;13.8;25.7
1051;From 35 to 44 years;Bulgaria;Females;Rural areas;4.0;24.1;7.7;20.9;43.3
1052;From 35 to 44 years;Bulgaria;Females;Towns and suburbs;2.8;31.3;14.5;18.7;32.6
1056;From 35 to 44 years;Bulgaria;Males;Cities;12.0;37.5;30.0;7.7;12.8
1057;From 35 to 44 years;Bulgaria;Males;Rural areas;15.8;22.4;43.5;4.7;13.6
1058;From 35 to 44 years;Bulgaria;Males;Towns and suburbs;12.0;26.0;35.3;8.2;18.4
1062;From 35 to 44 years;Croatia;Females;Cities;0.0;21.3;22.8;21.7;34.2
1063;From 35 to 44 years;Croatia;Females;Rural areas;2.0;18.7;5.7;14.5;59.2
1064;From 35 to 44 years;Croatia;Females;Towns and suburbs;0.0;15.7;7.6;16.0;60.6
1068;From 35 to 44 years;Croatia;Males;Cities;5.6;23.8;49.1;4.1;17.4
1069;From 35 to 44 years;Croatia;Males;Rural areas;13.1;22.7;24.4;8.9;30.9
1070;From 35 to 44 years;Croatia;Males;Towns and suburbs;9.5;25.7;22.8;9.6;32.3
1074;From 35 to 44 years;Cyprus;Females;Cities;0.0;24.3;9.9;10.6;55.3
1075;From 35 to 44 years;Cyprus;Females;Rural areas;1.0;19.2;2.5;8.0;69.4
1076;From 35 to 44 years;Cyprus;Females;Towns and suburbs;1.2;18.9;9.7;7.6;62.6
1080;From 35 to 44 years;Cyprus;Males;Cities;4.1;35.4;30.8;8.9;20.8
1081;From 35 to 44 years;Cyprus;Males;Rural areas;2.0;44.4;31.7;9.4;12.4
1082;From 35 to 44 years;Cyprus;Males;Towns and suburbs;4.3;26.0;33.8;8.7;27.1
1086;From 35 to 44 years;Czechia;Females;Cities;1.5;39.8;29.4;20.4;8.8
1087;From 35 to 44 years;Czechia;Females;Rural areas;0.2;33.1;26.4;17.0;23.3
1088;From 35 to 44 years;Czechia;Females;Towns and suburbs;3.5;31.0;38.4;19.5;7.7
1092;From 35 to 44 years;Czechia;Males;Cities;12.4;26.3;48.1;9.4;3.7
1093;From 35 to 44 years;Czechia;Males;Rural areas;15.4;22.9;46.1;10.2;5.4
1094;From 35 to 44 years;Czechia;Males;Towns and suburbs;13.7;18.7;51.5;11.6;4.5
1098;From 35 to 44 years;Denmark;Females;Cities;1.5;29.2;34.3;19.0;16.1
1099;From 35 to 44 years;Denmark;Females;Rural areas;1.7;35.2;30.7;24.6;7.8
1100;From 35 to 44 years;Denmark;Females;Towns and suburbs;1.9;35.8;32.1;17.9;12.3
1104;From 35 to 44 years;Denmark;Males;Cities;4.6;29.8;51.9;10.7;3.1
1105;From 35 to 44 years;Denmark;Males;Rural areas;6.6;25.7;52.0;12.5;3.3
1106;From 35 to 44 years;Denmark;Males;Towns and suburbs;2.9;39.1;42.0;11.6;4.3
1110;From 35 to 44 years;Estonia;Females;Cities;0.0;34.6;19.3;35.0;11.1
1111;From 35 to 44 years;Estonia;Females;Rural areas;0.9;37.5;12.3;37.8;11.5
1112;From 35 to 44 years;Estonia;Females;Towns and suburbs;0.0;37.8;14.1;37.2;10.9
1116;From 35 to 44 years;Estonia;Males;Cities;4.5;33.1;35.9;17.7;8.7
1117;From 35 to 44 years;Estonia;Males;Rural areas;6.9;29.9;39.4;14.8;9.0
1118;From 35 to 44 years;Estonia;Males;Towns and suburbs;6.4;33.6;28.7;18.8;12.6
1122;From 35 to 44 years;Finland;Females;Cities;0.7;37.6;37.0;21.2;3.6
1123;From 35 to 44 years;Finland;Females;Rural areas;2.6;37.3;27.3;23.4;9.3
1124;From 35 to 44 years;Finland;Females;Towns and suburbs;2.0;33.6;31.5;24.5;8.4
1125;From 35 to 44 years;Finland;Males;Cities;2.0;26.8;53.2;10.1;8.0
1126;From 35 to 44 years;Finland;Males;Rural areas;6.1;22.0;50.9;6.0;14.9
1127;From 35 to 44 years;Finland;Males;Towns and suburbs;6.4;24.4;53.0;6.5;9.7
1134;From 35 to 44 years;Germany;Females;Cities;4.7;26.3;33.9;18.5;16.6
1135;From 35 to 44 years;Germany;Females;Rural areas;2.6;31.1;30.0;24.4;11.9
1136;From 35 to 44 years;Germany;Females;Towns and suburbs;2.0;29.2;33.7;20.7;14.4
1140;From 35 to 44 years;Germany;Males;Cities;7.9;23.4;50.4;9.3;9.0
1141;From 35 to 44 years;Germany;Males;Rural areas;11.6;26.1;46.9;8.5;6.9
1142;From 35 to 44 years;Germany;Males;Towns and suburbs;6.7;26.5;47.5;10.2;9.2
1146;From 35 to 44 years;Greece;Females;Cities;1.3;29.0;24.9;16.8;27.9
1147;From 35 to 44 years;Greece;Females;Rural areas;4.5;30.1;13.7;15.1;36.6
1148;From 35 to 44 years;Greece;Females;Towns and suburbs;3.5;36.8;18.2;15.9;25.5
1152;From 35 to 44 years;Greece;Males;Cities;5.9;33.0;32.7;9.2;19.3
1153;From 35 to 44 years;Greece;Males;Rural areas;22.0;26.6;31.6;4.8;15.0
1154;From 35 to 44 years;Greece;Males;Towns and suburbs;8.6;26.7;29.7;11.3;23.7
1158;From 35 to 44 years;Hungary;Females;Cities;1.9;31.3;9.6;32.0;25.2
1159;From 35 to 44 years;Hungary;Females;Rural areas;0.6;18.6;4.5;34.5;41.7
1160;From 35 to 44 years;Hungary;Females;Towns and suburbs;2.3;15.9;7.5;35.1;39.2
1164;From 35 to 44 years;Hungary;Males;Cities;2.9;29.5;29.7;15.3;22.5
1165;From 35 to 44 years;Hungary;Males;Rural areas;6.6;29.4;24.4;23.2;16.3
1166;From 35 to 44 years;Hungary;Males;Towns and suburbs;5.3;31.9;30.6;14.1;18.2
1170;From 35 to 44 years;Iceland;Females;Cities;0.0;49.1;16.7;27.4;6.9
1171;From 35 to 44 years;Iceland;Females;Rural areas;3.3;33.0;15.7;32.4;15.6
1172;From 35 to 44 years;Iceland;Females;Towns and suburbs;0.0;38.8;2.8;39.4;19.0
1176;From 35 to 44 years;Iceland;Males;Cities;1.2;42.0;26.8;13.7;16.3
1177;From 35 to 44 years;Iceland;Males;Rural areas;0.0;46.1;19.6;30.0;4.3
1178;From 35 to 44 years;Iceland;Males;Towns and suburbs;1.9;53.6;13.3;25.6;5.5
1182;From 35 to 44 years;Ireland;Females;Cities;1.6;26.7;47.4;11.9;12.4
1183;From 35 to 44 years;Ireland;Females;Rural areas;0.2;32.4;36.2;18.5;12.6
1184;From 35 to 44 years;Ireland;Females;Towns and suburbs;0.4;32.4;37.9;15.6;13.6
1188;From 35 to 44 years;Ireland;Males;Cities;1.1;24.0;55.4;9.4;10.1
1189;From 35 to 44 years;Ireland;Males;Rural areas;1.6;34.7;43.5;9.9;10.4
1190;From 35 to 44 years;Ireland;Males;Towns and suburbs;1.2;30.1;51.4;10.7;6.6
1194;From 35 to 44 years;Latvia;Females;Cities;0.5;35.4;22.5;30.2;11.3
1195;From 35 to 44 years;Latvia;Females;Rural areas;0.0;36.8;7.1;40.4;15.8
1196;From 35 to 44 years;Latvia;Females;Towns and suburbs;1.6;50.2;7.0;33.3;8.0
1200;From 35 to 44 years;Latvia;Males;Cities;4.2;40.5;27.2;18.9;9.2
1201;From 35 to 44 years;Latvia;Males;Rural areas;4.3;43.4;23.9;13.8;14.6
1202;From 35 to 44 years;Latvia;Males;Towns and suburbs;0.0;45.3;27.6;13.2;13.8
1206;From 35 to 44 years;Lithuania;Females;Cities;0.0;53.6;13.3;19.3;13.8
1207;From 35 to 44 years;Lithuania;Females;Rural areas;0.5;44.3;4.7;33.3;17.2
1208;From 35 to 44 years;Lithuania;Females;Towns and suburbs;0.0;54.1;10.9;32.3;2.7
1212;From 35 to 44 years;Lithuania;Males;Cities;0.9;43.1;27.5;16.5;11.9
1213;From 35 to 44 years;Lithuania;Males;Rural areas;2.0;50.0;30.4;12.1;5.5
1214;From 35 to 44 years;Lithuania;Males;Towns and suburbs;0.0;0.0;0.0;0.0;0.0
1218;From 35 to 44 years;Luxembourg;Females;Cities;2.5;24.7;38.3;9.9;24.7
1219;From 35 to 44 years;Luxembourg;Females;Rural areas;2.6;29.4;39.1;11.3;17.6
1220;From 35 to 44 years;Luxembourg;Females;Towns and suburbs;2.8;20.9;38.9;11.8;25.6
1224;From 35 to 44 years;Luxembourg;Males;Cities;8.6;20.7;55.2;5.2;10.3
1225;From 35 to 44 years;Luxembourg;Males;Rural areas;9.2;26.0;50.7;5.3;8.8
1226;From 35 to 44 years;Luxembourg;Males;Towns and suburbs;19.2;28.7;40.7;4.7;6.6
1230;From 35 to 44 years;Malta;Females;Cities;0.8;26.8;18.6;20.4;33.5
1231;From 35 to 44 years;Malta;Females;Rural areas;5.0;35.0;20.0;5.0;35.0
1232;From 35 to 44 years;Malta;Females;Towns and suburbs;1.4;29.1;25.1;20.0;24.4
1236;From 35 to 44 years;Malta;Males;Cities;5.8;34.9;32.7;15.1;11.5
1237;From 35 to 44 years;Malta;Males;Rural areas;25.0;25.0;25.0;3.6;21.4
1238;From 35 to 44 years;Malta;Males;Towns and suburbs;10.2;22.1;43.6;10.9;13.2
1248;From 35 to 44 years;Norway;Females;Cities;1.9;48.1;28.2;0.0;21.8
1249;From 35 to 44 years;Norway;Females;Rural areas;0.7;59.1;22.0;0.0;18.2
1250;From 35 to 44 years;Norway;Females;Towns and suburbs;0.2;56.5;21.7;0.0;21.6
1254;From 35 to 44 years;Norway;Males;Cities;3.4;38.1;40.7;0.0;17.7
1255;From 35 to 44 years;Norway;Males;Rural areas;0.0;60.0;32.1;0.0;7.9
1256;From 35 to 44 years;Norway;Males;Towns and suburbs;2.6;54.0;30.8;0.0;12.6
1260;From 35 to 44 years;Poland;Females;Cities;0.3;36.7;17.1;28.4;17.5
1261;From 35 to 44 years;Poland;Females;Rural areas;0.2;26.5;6.6;37.2;29.5
1262;From 35 to 44 years;Poland;Females;Towns and suburbs;0.1;34.4;13.1;32.2;20.2
1266;From 35 to 44 years;Poland;Males;Cities;3.4;32.5;38.1;16.1;10.0
1267;From 35 to 44 years;Poland;Males;Rural areas;3.1;42.0;26.8;18.9;9.2
1268;From 35 to 44 years;Poland;Males;Towns and suburbs;4.6;37.7;32.7;16.3;8.8
1272;From 35 to 44 years;Portugal;Females;Cities;9.1;26.1;14.1;17.3;33.3
1273;From 35 to 44 years;Portugal;Females;Rural areas;6.9;15.7;14.4;17.7;45.4
1274;From 35 to 44 years;Portugal;Females;Towns and suburbs;7.9;18.9;16.5;19.2;37.5
1278;From 35 to 44 years;Portugal;Males;Cities;24.7;19.2;39.1;7.3;9.6
1279;From 35 to 44 years;Portugal;Males;Rural areas;40.1;12.6;26.8;7.4;13.0
1280;From 35 to 44 years;Portugal;Males;Towns and suburbs;37.6;12.3;34.9;4.4;10.8
1284;From 35 to 44 years;Romania;Females;Cities;0.0;34.0;4.8;16.5;44.7
1285;From 35 to 44 years;Romania;Females;Rural areas;0.8;29.9;7.7;13.7;48.0
1286;From 35 to 44 years;Romania;Females;Towns and suburbs;0.6;21.5;9.6;21.2;47.2
1290;From 35 to 44 years;Romania;Males;Cities;3.5;41.4;24.0;11.4;19.6
1291;From 35 to 44 years;Romania;Males;Rural areas;10.9;29.4;38.2;6.8;14.7
1292;From 35 to 44 years;Romania;Males;Towns and suburbs;9.3;35.9;30.8;9.8;14.2
1302;From 35 to 44 years;Slovakia;Females;Cities;2.2;29.7;10.2;33.5;24.4
1303;From 35 to 44 years;Slovakia;Females;Rural areas;0.0;31.4;11.2;24.8;32.5
1304;From 35 to 44 years;Slovakia;Females;Towns and suburbs;0.5;35.1;11.6;28.6;24.3
1308;From 35 to 44 years;Slovakia;Males;Cities;9.4;37.2;23.4;22.3;7.7
1309;From 35 to 44 years;Slovakia;Males;Rural areas;5.3;30.1;31.4;17.1;16.2
1310;From 35 to 44 years;Slovakia;Males;Towns and suburbs;3.1;42.2;26.8;14.9;13.1
1314;From 35 to 44 years;Slovenia;Females;Cities;0.0;29.9;21.2;23.8;25.1
1315;From 35 to 44 years;Slovenia;Females;Rural areas;0.8;30.6;18.0;27.7;22.8
1316;From 35 to 44 years;Slovenia;Females;Towns and suburbs;2.7;27.5;11.9;35.5;22.4
1320;From 35 to 44 years;Slovenia;Males;Cities;7.9;25.1;44.2;13.7;9.2
1321;From 35 to 44 years;Slovenia;Males;Rural areas;6.7;29.0;38.9;7.4;17.9
1322;From 35 to 44 years;Slovenia;Males;Towns and suburbs;6.1;31.6;38.2;8.6;15.5
1326;From 35 to 44 years;Spain;Females;Cities;4.6;22.9;22.7;17.0;32.8
1327;From 35 to 44 years;Spain;Females;Rural areas;4.8;22.1;17.2;19.3;36.7
1328;From 35 to 44 years;Spain;Females;Towns and suburbs;3.4;24.5;20.4;18.4;33.2
1332;From 35 to 44 years;Spain;Males;Cities;13.7;22.8;34.7;9.0;19.8
1333;From 35 to 44 years;Spain;Males;Rural areas;16.1;20.2;34.3;11.8;17.6
1334;From 35 to 44 years;Spain;Males;Towns and suburbs;16.4;18.4;35.4;9.1;20.5
1338;From 35 to 44 years;Sweden;Females;Cities;0.8;26.7;32.8;27.4;12.3
1339;From 35 to 44 years;Sweden;Females;Rural areas;1.1;26.7;41.9;16.5;13.7
1340;From 35 to 44 years;Sweden;Females;Towns and suburbs;1.1;32.4;30.6;21.2;14.7
1344;From 35 to 44 years;Sweden;Males;Cities;0.5;28.7;50.6;12.3;7.8
1345;From 35 to 44 years;Sweden;Males;Rural areas;4.1;31.8;44.8;10.5;8.8
1346;From 35 to 44 years;Sweden;Males;Towns and suburbs;3.1;34.3;44.6;11.2;6.7
1350;From 35 to 44 years;Türkiye;Females;Cities;0.0;0.0;0.0;0.0;0.0
1351;From 35 to 44 years;Türkiye;Females;Rural areas;0.0;0.0;0.0;0.0;0.0
1352;From 35 to 44 years;Türkiye;Females;Towns and suburbs;0.0;0.0;0.0;0.0;0.0
1356;From 35 to 44 years;Türkiye;Males;Cities;0.0;0.0;0.0;0.0;0.0
1357;From 35 to 44 years;Türkiye;Males;Rural areas;0.0;0.0;0.0;0.0;0.0
1358;From 35 to 44 years;Türkiye;Males;Towns and suburbs;0.0;0.0;0.0;0.0;0.0
1362;From 35 to 44 years;United Kingdom;Females;Cities;2.2;19.5;42.4;14.7;21.3
1363;From 35 to 44 years;United Kingdom;Females;Rural areas;2.9;17.3;50.5;18.2;11.1
1364;From 35 to 44 years;United Kingdom;Females;Towns and suburbs;1.9;22.1;50.7;12.3;12.9
1365;From 35 to 44 years;United Kingdom;Males;Cities;5.7;16.0;51.6;10.2;16.5
1366;From 35 to 44 years;United Kingdom;Males;Rural areas;12.9;16.5;48.8;12.5;9.3
1367;From 35 to 44 years;United Kingdom;Males;Towns and suburbs;6.2;21.9;51.9;10.6;9.4
1368;From 45 to 54 years;Austria;Females;Cities;2.9;27.0;28.5;15.2;26.4
1369;From 45 to 54 years;Austria;Females;Rural areas;1.9;38.2;22.2;19.1;18.6
1370;From 45 to 54 years;Austria;Females;Towns and suburbs;2.0;39.2;27.0;16.9;14.9
1374;From 45 to 54 years;Austria;Males;Cities;6.9;27.0;38.7;7.3;20.0
1375;From 45 to 54 years;Austria;Males;Rural areas;6.7;28.0;49.8;5.9;9.5
1376;From 45 to 54 years;Austria;Males;Towns and suburbs;9.8;22.0;50.6;5.7;11.8
1380;From 45 to 54 years;Belgium;Females;Cities;8.1;31.0;35.5;6.2;19.2
1381;From 45 to 54 years;Belgium;Females;Rural areas;9.1;26.5;37.9;12.3;14.3
1382;From 45 to 54 years;Belgium;Females;Towns and suburbs;11.6;30.3;36.0;10.4;11.8
1386;From 45 to 54 years;Belgium;Males;Cities;15.2;18.6;48.7;3.3;14.2
1387;From 45 to 54 years;Belgium;Males;Rural areas;18.4;16.9;52.3;5.2;7.3
1388;From 45 to 54 years;Belgium;Males;Towns and suburbs;29.0;16.1;39.2;9.7;6.1
1392;From 45 to 54 years;Bulgaria;Females;Cities;7.9;29.2;20.2;21.0;21.7
1393;From 45 to 54 years;Bulgaria;Females;Rural areas;4.7;24.1;13.2;12.2;45.8
1394;From 45 to 54 years;Bulgaria;Females;Towns and suburbs;1.6;28.3;14.2;16.0;39.9
1398;From 45 to 54 years;Bulgaria;Males;Cities;15.2;26.2;43.9;6.0;8.7
1399;From 45 to 54 years;Bulgaria;Males;Rural areas;25.1;20.4;34.8;5.3;14.5
1400;From 45 to 54 years;Bulgaria;Males;Towns and suburbs;18.3;20.4;42.2;8.6;10.6
1404;From 45 to 54 years;Croatia;Females;Cities;1.1;21.2;17.6;24.8;35.2
1405;From 45 to 54 years;Croatia;Females;Rural areas;3.8;14.0;4.9;12.5;64.8
1406;From 45 to 54 years;Croatia;Females;Towns and suburbs;5.8;14.6;11.3;16.0;52.3
1410;From 45 to 54 years;Croatia;Males;Cities;7.7;23.6;30.2;9.6;28.9
1411;From 45 to 54 years;Croatia;Males;Rural areas;16.4;20.0;26.3;12.0;25.3
1412;From 45 to 54 years;Croatia;Males;Towns and suburbs;17.6;25.9;25.5;6.1;24.8
1416;From 45 to 54 years;Cyprus;Females;Cities;0.4;20.1;12.4;11.1;55.9
1417;From 45 to 54 years;Cyprus;Females;Rural areas;0.4;16.9;9.7;9.1;63.9
1418;From 45 to 54 years;Cyprus;Females;Towns and suburbs;4.0;19.0;5.8;7.8;63.4
1422;From 45 to 54 years;Cyprus;Males;Cities;10.5;27.7;30.1;14.6;17.1
1423;From 45 to 54 years;Cyprus;Males;Rural areas;14.0;23.2;34.4;6.7;21.6
1424;From 45 to 54 years;Cyprus;Males;Towns and suburbs;15.3;28.5;25.7;5.6;24.9
1428;From 45 to 54 years;Czechia;Females;Cities;2.8;40.1;31.7;15.1;10.4
1429;From 45 to 54 years;Czechia;Females;Rural areas;3.3;34.7;27.1;19.9;15.0
1430;From 45 to 54 years;Czechia;Females;Towns and suburbs;8.6;29.6;25.8;22.0;14.0
1434;From 45 to 54 years;Czechia;Males;Cities;18.3;15.9;48.5;7.5;9.8
1435;From 45 to 54 years;Czechia;Males;Rural areas;19.1;10.6;57.3;7.8;5.3
1436;From 45 to 54 years;Czechia;Males;Towns and suburbs;20.7;20.2;47.3;5.2;6.6
1440;From 45 to 54 years;Denmark;Females;Cities;3.1;22.2;50.6;14.2;9.9
1441;From 45 to 54 years;Denmark;Females;Rural areas;6.5;23.8;41.2;17.7;10.8
1442;From 45 to 54 years;Denmark;Females;Towns and suburbs;7.1;27.7;43.8;15.2;6.3
1446;From 45 to 54 years;Denmark;Males;Cities;14.8;21.9;53.9;6.3;3.1
1447;From 45 to 54 years;Denmark;Males;Rural areas;12.6;19.4;53.4;8.3;6.3
1448;From 45 to 54 years;Denmark;Males;Towns and suburbs;8.4;28.4;53.7;5.3;4.2
1452;From 45 to 54 years;Estonia;Females;Cities;0.6;35.0;18.4;35.2;10.8
1453;From 45 to 54 years;Estonia;Females;Rural areas;0.0;31.9;7.3;40.6;20.1
1454;From 45 to 54 years;Estonia;Females;Towns and suburbs;0.0;38.3;10.2;41.4;10.1
1458;From 45 to 54 years;Estonia;Males;Cities;6.8;30.6;31.5;20.9;10.2
1459;From 45 to 54 years;Estonia;Males;Rural areas;4.0;35.8;28.0;21.4;10.8
1460;From 45 to 54 years;Estonia;Males;Towns and suburbs;5.2;27.0;35.0;27.1;5.7
1464;From 45 to 54 years;Finland;Females;Cities;3.0;26.3;43.0;20.1;7.6
1465;From 45 to 54 years;Finland;Females;Rural areas;1.1;33.1;38.9;18.0;8.9
1466;From 45 to 54 years;Finland;Females;Towns and suburbs;2.8;24.8;43.0;21.9;7.6
1467;From 45 to 54 years;Finland;Males;Cities;2.4;29.4;49.4;9.1;9.7
1468;From 45 to 54 years;Finland;Males;Rural areas;5.3;25.4;52.9;8.4;7.9
1469;From 45 to 54 years;Finland;Males;Towns and suburbs;5.1;22.8;56.0;11.9;4.3
1476;From 45 to 54 years;Germany;Females;Cities;7.9;24.8;41.2;16.9;9.2
1477;From 45 to 54 years;Germany;Females;Rural areas;5.2;29.7;39.8;15.8;9.5
1478;From 45 to 54 years;Germany;Females;Towns and suburbs;5.1;28.4;38.2;17.8;10.5
1482;From 45 to 54 years;Germany;Males;Cities;16.0;17.1;50.6;6.2;10.1
1483;From 45 to 54 years;Germany;Males;Rural areas;15.4;21.2;48.7;7.6;7.1
1484;From 45 to 54 years;Germany;Males;Towns and suburbs;13.2;19.5;51.0;8.4;7.9
1488;From 45 to 54 years;Greece;Females;Cities;0.8;25.3;21.7;17.2;35.0
1489;From 45 to 54 years;Greece;Females;Rural areas;4.3;27.0;14.8;12.7;41.3
1490;From 45 to 54 years;Greece;Females;Towns and suburbs;0.2;31.1;18.1;13.2;37.4
1494;From 45 to 54 years;Greece;Males;Cities;6.8;32.2;32.8;8.0;20.3
1495;From 45 to 54 years;Greece;Males;Rural areas;15.6;20.5;36.4;8.4;19.0
1496;From 45 to 54 years;Greece;Males;Towns and suburbs;12.0;34.2;32.4;5.7;15.7
1500;From 45 to 54 years;Hungary;Females;Cities;0.8;30.3;15.3;33.9;19.7
1501;From 45 to 54 years;Hungary;Females;Rural areas;1.3;14.7;7.3;38.4;38.3
1502;From 45 to 54 years;Hungary;Females;Towns and suburbs;2.6;21.8;12.7;36.5;26.4
1506;From 45 to 54 years;Hungary;Males;Cities;7.7;30.7;30.4;16.1;15.2
1507;From 45 to 54 years;Hungary;Males;Rural areas;15.4;23.1;23.9;17.0;20.6
1508;From 45 to 54 years;Hungary;Males;Towns and suburbs;14.7;29.3;26.2;14.7;15.1
1512;From 45 to 54 years;Iceland;Females;Cities;0.0;36.9;28.0;24.1;11.0
1513;From 45 to 54 years;Iceland;Females;Rural areas;0.0;49.4;9.3;27.9;13.4
1514;From 45 to 54 years;Iceland;Females;Towns and suburbs;0.0;51.4;15.8;21.2;11.6
1518;From 45 to 54 years;Iceland;Males;Cities;1.4;46.8;33.7;11.5;6.6
1519;From 45 to 54 years;Iceland;Males;Rural areas;0.0;32.1;20.9;30.2;16.7
1520;From 45 to 54 years;Iceland;Males;Towns and suburbs;2.4;51.5;20.7;11.5;13.9
1524;From 45 to 54 years;Ireland;Females;Cities;0.6;17.4;59.0;10.1;12.9
1525;From 45 to 54 years;Ireland;Females;Rural areas;1.6;26.2;41.6;11.9;18.7
1526;From 45 to 54 years;Ireland;Females;Towns and suburbs;0.7;24.5;47.2;8.8;18.9
1530;From 45 to 54 years;Ireland;Males;Cities;3.2;22.7;56.3;6.5;11.4
1531;From 45 to 54 years;Ireland;Males;Rural areas;2.8;20.6;52.9;9.3;14.4
1532;From 45 to 54 years;Ireland;Males;Towns and suburbs;4.3;21.0;55.1;8.5;11.1
1536;From 45 to 54 years;Latvia;Females;Cities;0.7;40.6;11.5;32.3;15.0
1537;From 45 to 54 years;Latvia;Females;Rural areas;0.9;35.1;6.4;38.0;19.6
1538;From 45 to 54 years;Latvia;Females;Towns and suburbs;0.0;29.8;8.6;46.6;15.0
1542;From 45 to 54 years;Latvia;Males;Cities;3.4;38.5;26.0;17.6;14.4
1543;From 45 to 54 years;Latvia;Males;Rural areas;2.3;43.7;25.2;19.4;9.4
1544;From 45 to 54 years;Latvia;Males;Towns and suburbs;1.1;43.2;17.4;21.6;16.7
1548;From 45 to 54 years;Lithuania;Females;Cities;0.0;48.5;12.1;29.6;9.7
1549;From 45 to 54 years;Lithuania;Females;Rural areas;0.0;41.9;3.7;35.8;18.7
1550;From 45 to 54 years;Lithuania;Females;Towns and suburbs;0.0;49.8;8.4;39.6;2.2
1554;From 45 to 54 years;Lithuania;Males;Cities;0.0;49.1;29.1;10.0;11.8
1555;From 45 to 54 years;Lithuania;Males;Rural areas;2.3;45.7;31.1;11.4;9.5
1556;From 45 to 54 years;Lithuania;Males;Towns and suburbs;2.8;53.0;30.2;8.4;5.6
1560;From 45 to 54 years;Luxembourg;Females;Cities;10.2;16.9;40.7;5.1;27.1
1561;From 45 to 54 years;Luxembourg;Females;Rural areas;2.7;31.1;45.0;6.4;14.8
1562;From 45 to 54 years;Luxembourg;Females;Towns and suburbs;5.8;17.0;42.2;7.8;27.2
1566;From 45 to 54 years;Luxembourg;Males;Cities;6.6;14.8;54.1;8.2;16.4
1567;From 45 to 54 years;Luxembourg;Males;Rural areas;16.0;18.1;52.5;4.1;9.3
1568;From 45 to 54 years;Luxembourg;Males;Towns and suburbs;10.8;16.2;50.4;9.0;13.5
1572;From 45 to 54 years;Malta;Females;Cities;3.5;26.4;19.1;18.5;32.5
1573;From 45 to 54 years;Malta;Females;Rural areas;10.7;25.0;14.3;17.9;32.1
1574;From 45 to 54 years;Malta;Females;Towns and suburbs;6.0;26.4;28.8;12.2;26.6
1578;From 45 to 54 years;Malta;Males;Cities;10.5;27.5;32.1;15.7;14.2
1579;From 45 to 54 years;Malta;Males;Rural areas;34.6;3.8;26.9;7.7;26.9
1580;From 45 to 54 years;Malta;Males;Towns and suburbs;12.6;18.2;44.5;10.5;14.2
1590;From 45 to 54 years;Norway;Females;Cities;1.5;55.9;31.6;0.0;10.9
1591;From 45 to 54 years;Norway;Females;Rural areas;0.3;57.6;28.2;0.0;13.9
1592;From 45 to 54 years;Norway;Females;Towns and suburbs;0.8;49.9;33.2;0.0;16.0
1596;From 45 to 54 years;Norway;Males;Cities;4.9;38.8;46.8;0.0;9.5
1597;From 45 to 54 years;Norway;Males;Rural areas;1.0;52.6;35.7;0.0;10.7
1598;From 45 to 54 years;Norway;Males;Towns and suburbs;0.3;48.4;43.2;0.0;8.1
1602;From 45 to 54 years;Poland;Females;Cities;0.8;29.9;14.6;31.5;23.1
1603;From 45 to 54 years;Poland;Females;Rural areas;0.5;25.4;5.6;40.6;28.0
1604;From 45 to 54 years;Poland;Females;Towns and suburbs;1.1;31.1;10.1;33.5;24.2
1608;From 45 to 54 years;Poland;Males;Cities;5.7;30.9;32.9;17.7;12.7
1609;From 45 to 54 years;Poland;Males;Rural areas;4.7;39.4;22.7;23.5;9.7
1610;From 45 to 54 years;Poland;Males;Towns and suburbs;4.5;36.6;28.2;18.7;12.0
1614;From 45 to 54 years;Portugal;Females;Cities;11.1;19.5;24.1;18.9;26.4
1615;From 45 to 54 years;Portugal;Females;Rural areas;12.4;10.3;10.5;15.5;51.4
1616;From 45 to 54 years;Portugal;Females;Towns and suburbs;16.4;12.9;20.6;14.5;35.6
1620;From 45 to 54 years;Portugal;Males;Cities;46.7;5.9;27.3;5.7;14.4
1621;From 45 to 54 years;Portugal;Males;Rural areas;54.0;7.4;23.0;4.5;11.1
1622;From 45 to 54 years;Portugal;Males;Towns and suburbs;48.2;7.1;24.6;6.8;13.2
1626;From 45 to 54 years;Romania;Females;Cities;0.5;30.9;5.7;17.6;45.2
1627;From 45 to 54 years;Romania;Females;Rural areas;1.3;25.2;6.1;19.3;48.0
1628;From 45 to 54 years;Romania;Females;Towns and suburbs;0.0;30.3;7.9;19.9;42.0
1632;From 45 to 54 years;Romania;Males;Cities;7.4;39.0;30.2;7.7;15.6
1633;From 45 to 54 years;Romania;Males;Rural areas;13.5;30.5;35.2;6.4;14.3
1634;From 45 to 54 years;Romania;Males;Towns and suburbs;10.5;28.0;36.1;10.3;15.2
1644;From 45 to 54 years;Slovakia;Females;Cities;1.3;34.8;12.4;29.5;21.9
1645;From 45 to 54 years;Slovakia;Females;Rural areas;1.6;30.0;6.6;29.5;32.3
1646;From 45 to 54 years;Slovakia;Females;Towns and suburbs;0.0;27.0;9.0;27.1;36.9
1650;From 45 to 54 years;Slovakia;Males;Cities;4.5;29.2;28.4;23.5;14.4
1651;From 45 to 54 years;Slovakia;Males;Rural areas;2.6;35.8;32.4;16.9;12.3
1652;From 45 to 54 years;Slovakia;Males;Towns and suburbs;9.1;32.6;30.8;14.7;12.8
1656;From 45 to 54 years;Slovenia;Females;Cities;3.2;35.3;16.9;17.4;27.3
1657;From 45 to 54 years;Slovenia;Females;Rural areas;3.8;23.8;17.6;24.7;30.0
1658;From 45 to 54 years;Slovenia;Females;Towns and suburbs;1.7;32.5;15.5;19.9;30.4
1662;From 45 to 54 years;Slovenia;Males;Cities;16.7;15.8;45.1;6.9;15.6
1663;From 45 to 54 years;Slovenia;Males;Rural areas;18.4;19.6;35.7;8.9;17.4
1664;From 45 to 54 years;Slovenia;Males;Towns and suburbs;9.7;24.3;42.0;10.4;13.5
1668;From 45 to 54 years;Spain;Females;Cities;10.1;17.2;26.1;16.0;30.6
1669;From 45 to 54 years;Spain;Females;Rural areas;5.0;18.1;15.0;18.3;43.7
1670;From 45 to 54 years;Spain;Females;Towns and suburbs;8.4;22.0;22.7;12.3;34.6
1674;From 45 to 54 years;Spain;Males;Cities;24.7;15.6;33.7;9.9;16.1
1675;From 45 to 54 years;Spain;Males;Rural areas;35.3;14.8;25.7;6.8;17.4
1676;From 45 to 54 years;Spain;Males;Towns and suburbs;32.5;16.9;27.0;7.4;16.2
1680;From 45 to 54 years;Sweden;Females;Cities;1.8;28.0;37.2;20.5;12.5
1681;From 45 to 54 years;Sweden;Females;Rural areas;1.1;23.9;41.0;12.7;21.3
1682;From 45 to 54 years;Sweden;Females;Towns and suburbs;1.4;30.7;38.4;18.4;11.2
1686;From 45 to 54 years;Sweden;Males;Cities;3.5;31.2;44.6;9.7;11.0
1687;From 45 to 54 years;Sweden;Males;Rural areas;2.4;23.9;51.9;12.8;8.9
1688;From 45 to 54 years;Sweden;Males;Towns and suburbs;2.7;25.8;50.8;10.4;10.2
1692;From 45 to 54 years;Türkiye;Females;Cities;0.0;0.0;0.0;0.0;0.0
1693;From 45 to 54 years;Türkiye;Females;Rural areas;0.0;0.0;0.0;0.0;0.0
1694;From 45 to 54 years;Türkiye;Females;Towns and suburbs;0.0;0.0;0.0;0.0;0.0
1698;From 45 to 54 years;Türkiye;Males;Cities;0.0;0.0;0.0;0.0;0.0
1699;From 45 to 54 years;Türkiye;Males;Rural areas;0.0;0.0;0.0;0.0;0.0
1700;From 45 to 54 years;Türkiye;Males;Towns and suburbs;0.0;0.0;0.0;0.0;0.0
1704;From 45 to 54 years;United Kingdom;Females;Cities;4.3;15.3;46.1;16.4;17.9
1705;From 45 to 54 years;United Kingdom;Females;Rural areas;6.4;15.6;47.8;16.4;13.8
1706;From 45 to 54 years;United Kingdom;Females;Towns and suburbs;6.2;14.2;48.1;18.6;12.9
1707;From 45 to 54 years;United Kingdom;Males;Cities;9.8;13.1;54.5;9.6;13.1
1708;From 45 to 54 years;United Kingdom;Males;Rural areas;9.2;14.6;60.1;8.4;7.8
1709;From 45 to 54 years;United Kingdom;Males;Towns and suburbs;8.2;14.1;60.3;7.0;10.4
1710;From 55 to 64 years;Austria;Females;Cities;5.2;34.3;29.2;12.5;18.8
1711;From 55 to 64 years;Austria;Females;Rural areas;2.8;38.1;20.0;16.7;22.3
1712;From 55 to 64 years;Austria;Females;Towns and suburbs;4.9;30.3;29.3;14.9;20.7
1716;From 55 to 64 years;Austria;Males;Cities;15.1;14.8;48.7;8.1;13.4
1717;From 55 to 64 years;Austria;Males;Rural areas;16.3;26.0;40.7;5.7;11.3
1718;From 55 to 64 years;Austria;Males;Towns and suburbs;14.3;18.3;50.7;7.6;9.0
1722;From 55 to 64 years;Belgium;Females;Cities;25.6;19.3;25.5;12.1;17.5
1723;From 55 to 64 years;Belgium;Females;Rural areas;19.2;21.5;31.2;9.4;18.8
1724;From 55 to 64 years;Belgium;Females;Towns and suburbs;15.4;24.1;36.5;8.7;15.3
1728;From 55 to 64 years;Belgium;Males;Cities;34.3;9.8;42.7;3.1;10.0
1729;From 55 to 64 years;Belgium;Males;Rural areas;30.4;17.7;34.5;2.5;14.9
1730;From 55 to 64 years;Belgium;Males;Towns and suburbs;26.4;9.4;50.9;7.6;5.7
1734;From 55 to 64 years;Bulgaria;Females;Cities;5.8;25.3;12.9;16.0;40.0
1735;From 55 to 64 years;Bulgaria;Females;Rural areas;2.0;22.7;10.0;12.1;53.2
1736;From 55 to 64 years;Bulgaria;Females;Towns and suburbs;2.5;21.8;11.5;17.2;47.0
1740;From 55 to 64 years;Bulgaria;Males;Cities;21.2;27.5;31.2;9.1;10.9
1741;From 55 to 64 years;Bulgaria;Males;Rural areas;26.1;15.4;31.3;8.4;18.8
1742;From 55 to 64 years;Bulgaria;Males;Towns and suburbs;24.5;17.7;23.9;9.7;24.3
1746;From 55 to 64 years;Croatia;Females;Cities;6.7;15.9;14.2;17.3;45.9
1747;From 55 to 64 years;Croatia;Females;Rural areas;7.8;11.2;7.0;8.1;65.9
1748;From 55 to 64 years;Croatia;Females;Towns and suburbs;4.9;14.3;7.1;10.3;63.5
1752;From 55 to 64 years;Croatia;Males;Cities;17.4;33.1;25.5;2.9;21.0
1753;From 55 to 64 years;Croatia;Males;Rural areas;29.2;16.3;19.3;8.9;26.3
1754;From 55 to 64 years;Croatia;Males;Towns and suburbs;26.7;14.5;24.2;6.2;28.5
1758;From 55 to 64 years;Cyprus;Females;Cities;1.3;17.6;7.2;8.5;65.4
1759;From 55 to 64 years;Cyprus;Females;Rural areas;2.6;9.9;3.4;10.0;74.2
1760;From 55 to 64 years;Cyprus;Females;Towns and suburbs;0.0;11.3;11.3;5.4;72.0
1764;From 55 to 64 years;Cyprus;Males;Cities;13.4;32.6;25.7;2.5;25.8
1765;From 55 to 64 years;Cyprus;Males;Rural areas;20.9;20.4;18.8;12.9;27.0
1766;From 55 to 64 years;Cyprus;Males;Towns and suburbs;15.5;17.3;32.2;7.6;27.5
1770;From 55 to 64 years;Czechia;Females;Cities;7.4;29.5;32.4;16.2;14.3
1771;From 55 to 64 years;Czechia;Females;Rural areas;5.3;25.1;19.0;30.7;19.9
1772;From 55 to 64 years;Czechia;Females;Towns and suburbs;3.1;27.3;23.1;30.0;16.5
1776;From 55 to 64 years;Czechia;Males;Cities;28.7;19.9;37.2;3.5;10.8
1777;From 55 to 64 years;Czechia;Males;Rural areas;21.7;19.5;44.3;6.4;8.1
1778;From 55 to 64 years;Czechia;Males;Towns and suburbs;29.6;13.0;47.6;3.5;6.2
1782;From 55 to 64 years;Denmark;Females;Cities;16.6;18.2;43.6;9.4;12.2
1783;From 55 to 64 years;Denmark;Females;Rural areas;10.7;24.2;43.6;13.1;8.3
1784;From 55 to 64 years;Denmark;Females;Towns and suburbs;13.7;21.8;38.7;14.5;11.3
1788;From 55 to 64 years;Denmark;Males;Cities;25.6;12.0;51.1;3.8;7.5
1789;From 55 to 64 years;Denmark;Males;Rural areas;24.8;14.7;50.8;5.5;4.2
1790;From 55 to 64 years;Denmark;Males;Towns and suburbs;24.5;12.2;58.2;2.0;3.1
1794;From 55 to 64 years;Estonia;Females;Cities;0.0;27.0;5.4;48.1;19.5
1795;From 55 to 64 years;Estonia;Females;Rural areas;0.1;25.8;5.0;43.1;26.0
1796;From 55 to 64 years;Estonia;Females;Towns and suburbs;0.0;31.5;4.4;42.9;21.2
1800;From 55 to 64 years;Estonia;Males;Cities;1.5;26.9;24.4;31.4;15.8
1801;From 55 to 64 years;Estonia;Males;Rural areas;10.7;33.2;25.0;21.7;9.5
1802;From 55 to 64 years;Estonia;Males;Towns and suburbs;8.1;27.0;32.4;18.4;14.1
1806;From 55 to 64 years;Finland;Females;Cities;1.9;32.2;42.1;13.6;10.2
1807;From 55 to 64 years;Finland;Females;Rural areas;1.0;29.3;32.3;20.4;17.1
1808;From 55 to 64 years;Finland;Females;Towns and suburbs;2.0;26.2;32.2;24.5;15.0
1809;From 55 to 64 years;Finland;Males;Cities;7.4;20.8;57.1;8.0;6.6
1810;From 55 to 64 years;Finland;Males;Rural areas;9.8;19.9;49.8;8.8;11.7
1811;From 55 to 64 years;Finland;Males;Towns and suburbs;5.4;24.8;54.0;6.8;9.1
1818;From 55 to 64 years;Germany;Females;Cities;10.7;21.4;41.8;13.0;13.0
1819;From 55 to 64 years;Germany;Females;Rural areas;5.1;26.5;36.7;17.2;14.5
1820;From 55 to 64 years;Germany;Females;Towns and suburbs;8.4;26.0;37.9;14.8;12.8
1824;From 55 to 64 years;Germany;Males;Cities;20.9;13.2;49.0;5.6;11.3
1825;From 55 to 64 years;Germany;Males;Rural areas;21.6;16.9;47.4;5.1;9.0
1826;From 55 to 64 years;Germany;Males;Towns and suburbs;19.1;14.2;47.9;8.1;10.7
1830;From 55 to 64 years;Greece;Females;Cities;4.7;21.4;13.2;16.5;44.2
1831;From 55 to 64 years;Greece;Females;Rural areas;2.8;19.6;12.1;15.2;50.3
1832;From 55 to 64 years;Greece;Females;Towns and suburbs;2.6;21.9;17.4;15.4;42.7
1836;From 55 to 64 years;Greece;Males;Cities;13.0;26.3;32.5;8.5;19.7
1837;From 55 to 64 years;Greece;Males;Rural areas;27.3;18.0;34.4;3.3;17.0
1838;From 55 to 64 years;Greece;Males;Towns and suburbs;17.0;23.7;34.6;6.7;18.0
1842;From 55 to 64 years;Hungary;Females;Cities;6.6;29.4;14.0;26.7;23.4
1843;From 55 to 64 years;Hungary;Females;Rural areas;3.8;10.7;4.9;32.8;47.7
1844;From 55 to 64 years;Hungary;Females;Towns and suburbs;0.0;17.1;5.3;33.5;44.2
1848;From 55 to 64 years;Hungary;Males;Cities;19.2;29.5;36.2;5.5;9.5
1849;From 55 to 64 years;Hungary;Males;Rural areas;25.2;15.2;27.0;15.4;17.2
1850;From 55 to 64 years;Hungary;Males;Towns and suburbs;19.7;16.0;31.6;15.9;16.7
1854;From 55 to 64 years;Iceland;Females;Cities;0.6;43.2;20.1;17.0;19.1
1855;From 55 to 64 years;Iceland;Females;Rural areas;0.0;34.6;17.6;23.6;24.2
1856;From 55 to 64 years;Iceland;Females;Towns and suburbs;0.0;46.3;5.4;25.7;22.7
1860;From 55 to 64 years;Iceland;Males;Cities;1.4;31.8;42.4;10.5;13.8
1861;From 55 to 64 years;Iceland;Males;Rural areas;0.0;39.2;35.9;14.7;10.2
1862;From 55 to 64 years;Iceland;Males;Towns and suburbs;0.0;42.8;31.8;12.9;12.5
1866;From 55 to 64 years;Ireland;Females;Cities;3.2;15.8;56.8;9.6;14.6
1867;From 55 to 64 years;Ireland;Females;Rural areas;2.0;24.6;34.7;10.3;28.3
1868;From 55 to 64 years;Ireland;Females;Towns and suburbs;1.8;24.2;46.7;7.8;19.5
1872;From 55 to 64 years;Ireland;Males;Cities;5.3;17.5;57.1;6.1;14.0
1873;From 55 to 64 years;Ireland;Males;Rural areas;3.0;18.1;49.8;8.0;21.1
1874;From 55 to 64 years;Ireland;Males;Towns and suburbs;5.0;16.0;55.2;8.1;15.6
1878;From 55 to 64 years;Latvia;Females;Cities;0.4;28.6;6.5;42.0;22.5
1879;From 55 to 64 years;Latvia;Females;Rural areas;1.5;26.1;3.4;46.1;22.9
1880;From 55 to 64 years;Latvia;Females;Towns and suburbs;0.8;29.4;3.8;41.8;24.2
1884;From 55 to 64 years;Latvia;Males;Cities;1.4;33.9;28.4;17.1;19.1
1885;From 55 to 64 years;Latvia;Males;Rural areas;5.0;36.5;18.9;24.0;15.5
1886;From 55 to 64 years;Latvia;Males;Towns and suburbs;2.7;44.2;10.9;23.2;19.0
1890;From 55 to 64 years;Lithuania;Females;Cities;0.9;37.9;4.0;38.8;18.3
1891;From 55 to 64 years;Lithuania;Females;Rural areas;0.0;30.7;1.9;41.3;26.0
1892;From 55 to 64 years;Lithuania;Females;Towns and suburbs;0.0;18.9;5.3;50.5;25.3
1896;From 55 to 64 years;Lithuania;Males;Cities;0.8;47.9;26.4;14.0;10.7
1897;From 55 to 64 years;Lithuania;Males;Rural areas;2.6;48.3;18.3;15.3;15.6
1898;From 55 to 64 years;Lithuania;Males;Towns and suburbs;4.0;39.9;36.4;8.1;11.5
1902;From 55 to 64 years;Luxembourg;Females;Cities;13.2;18.9;41.5;5.7;20.8
1903;From 55 to 64 years;Luxembourg;Females;Rural areas;10.1;17.5;39.3;12.2;20.9
1904;From 55 to 64 years;Luxembourg;Females;Towns and suburbs;12.5;16.9;41.6;5.2;23.8
1908;From 55 to 64 years;Luxembourg;Males;Cities;34.1;13.6;38.6;2.3;11.4
1909;From 55 to 64 years;Luxembourg;Males;Rural areas;18.4;16.8;50.6;4.0;10.2
1910;From 55 to 64 years;Luxembourg;Males;Towns and suburbs;20.5;16.1;49.9;3.6;9.8
1914;From 55 to 64 years;Malta;Females;Cities;5.0;18.9;9.2;28.4;38.5
1915;From 55 to 64 years;Malta;Females;Rural areas;12.1;0.0;18.2;6.1;63.6
1916;From 55 to 64 years;Malta;Females;Towns and suburbs;6.4;18.9;14.2;13.7;46.8
1920;From 55 to 64 years;Malta;Males;Cities;11.4;30.7;26.7;12.0;19.3
1921;From 55 to 64 years;Malta;Males;Rural areas;46.7;23.3;10.0;3.3;16.7
1922;From 55 to 64 years;Malta;Males;Towns and suburbs;24.0;15.7;34.0;9.9;16.3
1932;From 55 to 64 years;Norway;Females;Cities;2.6;38.9;44.0;0.0;14.4
1933;From 55 to 64 years;Norway;Females;Rural areas;2.2;48.7;34.4;0.0;14.7
1934;From 55 to 64 years;Norway;Females;Towns and suburbs;2.6;46.5;32.3;0.0;18.5
1938;From 55 to 64 years;Norway;Males;Cities;7.4;27.5;55.9;0.0;9.2
1939;From 55 to 64 years;Norway;Males;Rural areas;2.1;42.2;42.5;0.0;13.2
1940;From 55 to 64 years;Norway;Males;Towns and suburbs;3.6;37.9;51.9;0.0;6.6
1944;From 55 to 64 years;Poland;Females;Cities;0.9;26.4;7.7;35.7;29.2
1945;From 55 to 64 years;Poland;Females;Rural areas;0.4;17.5;3.4;37.2;41.5
1946;From 55 to 64 years;Poland;Females;Towns and suburbs;0.6;20.1;6.4;38.5;34.3
1950;From 55 to 64 years;Poland;Males;Cities;5.6;33.3;25.0;22.4;13.7
1951;From 55 to 64 years;Poland;Males;Rural areas;4.7;37.1;20.2;22.7;15.3
1952;From 55 to 64 years;Poland;Males;Towns and suburbs;5.3;31.1;24.2;21.3;18.1
1956;From 55 to 64 years;Portugal;Females;Cities;18.2;12.8;20.2;14.0;34.7
1957;From 55 to 64 years;Portugal;Females;Rural areas;18.6;6.4;10.5;14.6;49.8
1958;From 55 to 64 years;Portugal;Females;Towns and suburbs;17.8;12.0;14.1;10.8;45.4
1962;From 55 to 64 years;Portugal;Males;Cities;59.3;7.1;20.8;3.7;9.1
1963;From 55 to 64 years;Portugal;Males;Rural areas;60.9;7.6;15.1;2.8;13.7
1964;From 55 to 64 years;Portugal;Males;Towns and suburbs;66.9;5.5;14.5;4.0;9.1
1968;From 55 to 64 years;Romania;Females;Cities;0.5;24.6;5.5;15.5;53.9
1969;From 55 to 64 years;Romania;Females;Rural areas;1.5;23.1;6.6;12.8;55.9
1970;From 55 to 64 years;Romania;Females;Towns and suburbs;0.6;26.2;4.3;18.1;50.8
1974;From 55 to 64 years;Romania;Males;Cities;5.8;37.1;22.7;7.4;27.0
1975;From 55 to 64 years;Romania;Males;Rural areas;12.6;26.9;35.8;5.7;19.0
1976;From 55 to 64 years;Romania;Males;Towns and suburbs;8.6;30.2;34.1;6.8;20.3
1986;From 55 to 64 years;Slovakia;Females;Cities;1.7;26.7;9.8;29.6;32.3
1987;From 55 to 64 years;Slovakia;Females;Rural areas;2.0;23.8;8.5;31.5;34.1
1988;From 55 to 64 years;Slovakia;Females;Towns and suburbs;0.0;23.1;4.7;32.0;40.2
1992;From 55 to 64 years;Slovakia;Males;Cities;3.5;29.3;33.7;18.9;14.6
1993;From 55 to 64 years;Slovakia;Males;Rural areas;19.5;23.9;25.0;11.6;20.0
1994;From 55 to 64 years;Slovakia;Males;Towns and suburbs;10.8;25.0;26.8;18.4;19.0
1998;From 55 to 64 years;Slovenia;Females;Cities;5.0;25.7;16.8;21.7;30.9
1999;From 55 to 64 years;Slovenia;Females;Rural areas;5.2;21.4;18.0;22.0;33.5
2000;From 55 to 64 years;Slovenia;Females;Towns and suburbs;2.2;22.3;12.9;23.9;38.8
2004;From 55 to 64 years;Slovenia;Males;Cities;20.4;21.2;39.1;7.7;11.7
2005;From 55 to 64 years;Slovenia;Males;Rural areas;18.3;18.7;32.9;7.3;22.8
2006;From 55 to 64 years;Slovenia;Males;Towns and suburbs;16.0;14.7;47.8;5.9;15.7
2010;From 55 to 64 years;Spain;Females;Cities;13.0;17.1;19.7;12.4;37.7
2011;From 55 to 64 years;Spain;Females;Rural areas;10.9;11.5;12.9;16.2;48.5
2012;From 55 to 64 years;Spain;Females;Towns and suburbs;16.0;15.1;21.2;10.2;37.4
2016;From 55 to 64 years;Spain;Males;Cities;37.3;14.0;22.6;7.4;18.8
2017;From 55 to 64 years;Spain;Males;Rural areas;44.7;11.1;16.7;6.2;21.2
2018;From 55 to 64 years;Spain;Males;Towns and suburbs;46.4;11.2;22.9;4.5;14.9
2022;From 55 to 64 years;Sweden;Females;Cities;0.8;26.7;43.8;17.2;11.5
2023;From 55 to 64 years;Sweden;Females;Rural areas;3.3;24.4;50.4;15.6;6.3
2024;From 55 to 64 years;Sweden;Females;Towns and suburbs;0.6;17.0;48.0;19.0;15.6
2028;From 55 to 64 years;Sweden;Males;Cities;2.5;17.8;55.8;12.7;11.3
2029;From 55 to 64 years;Sweden;Males;Rural areas;6.8;16.8;55.2;11.0;10.2
2030;From 55 to 64 years;Sweden;Males;Towns and suburbs;2.7;26.4;56.2;4.9;9.8
2034;From 55 to 64 years;Türkiye;Females;Cities;0.0;0.0;0.0;0.0;0.0
2035;From 55 to 64 years;Türkiye;Females;Rural areas;0.0;0.0;0.0;0.0;0.0
2036;From 55 to 64 years;Türkiye;Females;Towns and suburbs;0.0;0.0;0.0;0.0;0.0
2040;From 55 to 64 years;Türkiye;Males;Cities;0.0;0.0;0.0;0.0;0.0
2041;From 55 to 64 years;Türkiye;Males;Rural areas;0.0;0.0;0.0;0.0;0.0
2042;From 55 to 64 years;Türkiye;Males;Towns and suburbs;0.0;0.0;0.0;0.0;0.0
2046;From 55 to 64 years;United Kingdom;Females;Cities;7.9;15.6;45.2;16.1;15.3
2047;From 55 to 64 years;United Kingdom;Females;Rural areas;9.1;12.5;49.0;15.7;13.7
2048;From 55 to 64 years;United Kingdom;Females;Towns and suburbs;6.4;14.2;45.6;18.4;15.4
2049;From 55 to 64 years;United Kingdom;Males;Cities;15.0;10.9;55.2;8.7;10.2
2050;From 55 to 64 years;United Kingdom;Males;Rural areas;12.2;11.4;60.2;6.5;9.7
2051;From 55 to 64 years;United Kingdom;Males;Towns and suburbs;13.1;11.2;58.4;7.4;10.0
2052;From 65 to 74 years;Austria;Females;Cities;9.7;30.6;22.6;16.3;20.8
2053;From 65 to 74 years;Austria;Females;Rural areas;3.2;32.7;17.9;16.7;29.6
2054;From 65 to 74 years;Austria;Females;Towns and suburbs;4.6;31.0;26.2;12.2;26.1
2058;From 65 to 74 years;Austria;Males;Cities;25.9;11.8;36.7;1.9;23.7
2059;From 65 to 74 years;Austria;Males;Rural areas;23.8;16.7;45.9;4.2;9.4
2060;From 65 to 74 years;Austria;Males;Towns and suburbs;25.1;23.6;35.8;4.5;11.0
2064;From 65 to 74 years;Belgium;Females;Cities;22.1;11.7;36.2;7.5;22.5
2065;From 65 to 74 years;Belgium;Females;Rural areas;10.8;15.3;30.5;10.7;32.7
2066;From 65 to 74 years;Belgium;Females;Towns and suburbs;13.3;22.0;25.6;12.4;26.7
2070;From 65 to 74 years;Belgium;Males;Cities;40.0;11.1;35.0;2.7;11.3
2071;From 65 to 74 years;Belgium;Males;Rural areas;31.9;9.6;31.5;14.8;12.0
2072;From 65 to 74 years;Belgium;Males;Towns and suburbs;28.4;12.3;39.4;8.2;11.7
2076;From 65 to 74 years;Bulgaria;Females;Cities;1.7;18.4;6.9;20.4;52.7
2077;From 65 to 74 years;Bulgaria;Females;Rural areas;4.4;16.2;5.1;13.3;60.9
2078;From 65 to 74 years;Bulgaria;Females;Towns and suburbs;3.3;15.3;9.2;13.0;59.2
2082;From 65 to 74 years;Bulgaria;Males;Cities;10.9;23.5;29.3;8.8;27.6
2083;From 65 to 74 years;Bulgaria;Males;Rural areas;21.9;24.5;24.8;9.4;19.5
2084;From 65 to 74 years;Bulgaria;Males;Towns and suburbs;13.2;23.1;29.0;7.9;26.8
2088;From 65 to 74 years;Croatia;Females;Cities;4.5;16.7;1.2;21.3;56.3
2089;From 65 to 74 years;Croatia;Females;Rural areas;7.4;7.9;4.8;11.3;68.6
2090;From 65 to 74 years;Croatia;Females;Towns and suburbs;4.9;10.2;4.7;8.9;71.4
2094;From 65 to 74 years;Croatia;Males;Cities;16.7;17.8;28.9;7.6;29.0
2095;From 65 to 74 years;Croatia;Males;Rural areas;24.0;18.8;17.9;7.2;32.1
2096;From 65 to 74 years;Croatia;Males;Towns and suburbs;32.5;13.9;21.3;4.6;27.8
2100;From 65 to 74 years;Cyprus;Females;Cities;2.9;14.8;4.6;7.3;70.3
2101;From 65 to 74 years;Cyprus;Females;Rural areas;2.0;10.4;5.1;4.5;77.9
2102;From 65 to 74 years;Cyprus;Females;Towns and suburbs;0.9;10.0;5.0;10.8;73.3
2106;From 65 to 74 years;Cyprus;Males;Cities;16.4;23.1;32.5;7.3;20.7
2107;From 65 to 74 years;Cyprus;Males;Rural areas;15.7;19.4;25.4;10.3;29.2
2108;From 65 to 74 years;Cyprus;Males;Towns and suburbs;12.0;20.1;33.0;10.4;24.5
2112;From 65 to 74 years;Czechia;Females;Cities;10.3;24.1;23.6;25.5;16.4
2113;From 65 to 74 years;Czechia;Females;Rural areas;3.1;25.8;16.5;28.3;26.4
2114;From 65 to 74 years;Czechia;Females;Towns and suburbs;4.9;23.4;15.3;29.7;26.7
2118;From 65 to 74 years;Czechia;Males;Cities;22.1;17.6;39.5;10.0;10.8
2119;From 65 to 74 years;Czechia;Males;Rural areas;35.2;12.6;37.7;8.2;6.2
2120;From 65 to 74 years;Czechia;Males;Towns and suburbs;27.8;13.8;38.8;8.6;11.0
2124;From 65 to 74 years;Denmark;Females;Cities;28.9;18.9;38.9;6.7;6.7
2125;From 65 to 74 years;Denmark;Females;Rural areas;17.8;20.1;47.3;6.8;8.0
2126;From 65 to 74 years;Denmark;Females;Towns and suburbs;20.5;16.1;43.8;9.8;9.8
2130;From 65 to 74 years;Denmark;Males;Cities;33.1;11.5;45.9;7.0;2.5
2131;From 65 to 74 years;Denmark;Males;Rural areas;38.3;10.3;43.7;3.3;4.3
2132;From 65 to 74 years;Denmark;Males;Towns and suburbs;38.0;7.4;47.1;5.0;2.5
2136;From 65 to 74 years;Estonia;Females;Cities;0.0;17.6;2.8;53.4;26.3
2137;From 65 to 74 years;Estonia;Females;Rural areas;0.7;15.8;3.2;48.4;31.9
2138;From 65 to 74 years;Estonia;Females;Towns and suburbs;0.0;14.1;1.0;42.0;42.9
2142;From 65 to 74 years;Estonia;Males;Cities;3.6;37.8;19.1;20.8;18.7
2143;From 65 to 74 years;Estonia;Males;Rural areas;6.9;30.4;16.1;28.2;18.3
2144;From 65 to 74 years;Estonia;Males;Towns and suburbs;11.4;29.6;14.6;28.3;16.1
2148;From 65 to 74 years;Finland;Females;Cities;3.1;24.7;32.3;18.8;21.1
2149;From 65 to 74 years;Finland;Females;Rural areas;0.6;26.1;16.7;26.5;30.2
2150;From 65 to 74 years;Finland;Females;Towns and suburbs;0.8;28.6;28.2;20.1;22.3
2151;From 65 to 74 years;Finland;Males;Cities;4.7;26.0;48.0;5.6;15.8
2152;From 65 to 74 years;Finland;Males;Rural areas;3.6;30.4;34.8;10.3;20.9
2153;From 65 to 74 years;Finland;Males;Towns and suburbs;7.4;24.4;45.4;7.5;15.2
2160;From 65 to 74 years;Germany;Females;Cities;9.7;25.9;35.3;12.7;16.4
2161;From 65 to 74 years;Germany;Females;Rural areas;6.0;26.3;35.7;15.9;16.1
2162;From 65 to 74 years;Germany;Females;Towns and suburbs;7.9;26.2;36.5;12.8;16.6
2166;From 65 to 74 years;Germany;Males;Cities;23.9;13.4;44.9;5.8;11.9
2167;From 65 to 74 years;Germany;Males;Rural areas;23.5;15.8;46.6;6.0;8.0
2168;From 65 to 74 years;Germany;Males;Towns and suburbs;21.2;14.8;44.3;7.6;12.0
2172;From 65 to 74 years;Greece;Females;Cities;5.8;14.9;9.4;14.2;55.8
2173;From 65 to 74 years;Greece;Females;Rural areas;6.2;13.8;6.1;13.8;60.1
2174;From 65 to 74 years;Greece;Females;Towns and suburbs;3.9;11.8;12.5;14.7;57.2
2178;From 65 to 74 years;Greece;Males;Cities;16.5;24.8;27.1;7.9;23.8
2179;From 65 to 74 years;Greece;Males;Rural areas;20.0;22.0;22.1;9.6;26.3
2180;From 65 to 74 years;Greece;Males;Towns and suburbs;18.6;17.4;28.6;15.4;20.0
2184;From 65 to 74 years;Hungary;Females;Cities;4.8;16.8;7.3;21.7;49.5
2185;From 65 to 74 years;Hungary;Females;Rural areas;4.5;5.6;4.9;27.7;57.3
2186;From 65 to 74 years;Hungary;Females;Towns and suburbs;5.6;11.0;11.1;20.2;52.1
2190;From 65 to 74 years;Hungary;Males;Cities;34.2;17.1;28.4;6.0;14.3
2191;From 65 to 74 years;Hungary;Males;Rural areas;32.8;16.2;17.4;9.1;24.5
2192;From 65 to 74 years;Hungary;Males;Towns and suburbs;21.2;18.5;29.0;10.8;20.6
2196;From 65 to 74 years;Iceland;Females;Cities;1.4;38.4;17.5;21.1;21.6
2197;From 65 to 74 years;Iceland;Females;Rural areas;0.0;36.9;9.9;22.4;30.8
2198;From 65 to 74 years;Iceland;Females;Towns and suburbs;0.0;13.4;17.3;37.6;31.7
2202;From 65 to 74 years;Iceland;Males;Cities;2.8;38.5;34.9;9.0;14.7
2203;From 65 to 74 years;Iceland;Males;Rural areas;0.0;30.0;21.6;24.8;23.5
2204;From 65 to 74 years;Iceland;Males;Towns and suburbs;0.0;34.6;22.2;15.0;28.2
2208;From 65 to 74 years;Ireland;Females;Cities;3.0;16.1;43.9;12.8;24.2
2209;From 65 to 74 years;Ireland;Females;Rural areas;3.2;22.7;26.7;12.0;35.3
2210;From 65 to 74 years;Ireland;Females;Towns and suburbs;3.3;20.5;33.9;17.8;24.5
2214;From 65 to 74 years;Ireland;Males;Cities;8.2;19.5;51.9;4.1;16.2
2215;From 65 to 74 years;Ireland;Males;Rural areas;3.7;16.1;44.2;6.4;29.6
2216;From 65 to 74 years;Ireland;Males;Towns and suburbs;6.5;17.7;50.9;5.8;19.1
2220;From 65 to 74 years;Latvia;Females;Cities;0.3;15.4;5.2;40.3;38.9
2221;From 65 to 74 years;Latvia;Females;Rural areas;0.0;15.6;1.5;36.9;45.9
2222;From 65 to 74 years;Latvia;Females;Towns and suburbs;0.0;17.2;2.3;37.5;43.1
2226;From 65 to 74 years;Latvia;Males;Cities;6.5;30.9;15.3;25.0;22.3
2227;From 65 to 74 years;Latvia;Males;Rural areas;2.4;41.2;9.2;30.6;16.6
2228;From 65 to 74 years;Latvia;Males;Towns and suburbs;9.3;25.5;14.0;38.8;12.4
2232;From 65 to 74 years;Lithuania;Females;Cities;0.0;15.4;3.1;33.3;48.2
2233;From 65 to 74 years;Lithuania;Females;Rural areas;0.0;11.3;3.1;44.0;41.6
2234;From 65 to 74 years;Lithuania;Females;Towns and suburbs;0.0;13.2;0.0;37.0;49.7
2238;From 65 to 74 years;Lithuania;Males;Cities;2.2;28.0;14.0;21.5;34.4
2239;From 65 to 74 years;Lithuania;Males;Rural areas;0.7;36.0;13.3;26.4;23.6
2240;From 65 to 74 years;Lithuania;Males;Towns and suburbs;4.2;28.9;25.4;25.4;16.2
2244;From 65 to 74 years;Luxembourg;Females;Cities;16.0;0.0;48.0;12.0;24.0
2245;From 65 to 74 years;Luxembourg;Females;Rural areas;16.5;25.4;34.3;3.4;20.4
2246;From 65 to 74 years;Luxembourg;Females;Towns and suburbs;16.6;19.1;28.3;10.7;25.4
2250;From 65 to 74 years;Luxembourg;Males;Cities;32.0;12.0;52.0;0.0;4.0
2251;From 65 to 74 years;Luxembourg;Males;Rural areas;24.2;10.6;53.7;2.7;8.7
2252;From 65 to 74 years;Luxembourg;Males;Towns and suburbs;31.8;11.8;42.6;3.8;10.0
2256;From 65 to 74 years;Malta;Females;Cities;4.9;17.0;12.2;24.2;41.7
2257;From 65 to 74 years;Malta;Females;Rural areas;10.3;20.7;10.3;6.9;51.7
2258;From 65 to 74 years;Malta;Females;Towns and suburbs;6.5;16.5;15.8;16.1;45.1
2262;From 65 to 74 years;Malta;Males;Cities;15.5;26.9;15.2;21.5;20.9
2263;From 65 to 74 years;Malta;Males;Rural areas;39.1;4.3;43.5;0.0;13.0
2264;From 65 to 74 years;Malta;Males;Towns and suburbs;25.8;12.1;33.4;7.0;21.7
2274;From 65 to 74 years;Norway;Females;Cities;5.6;34.8;41.6;0.0;18.0
2275;From 65 to 74 years;Norway;Females;Rural areas;1.0;47.9;31.2;0.0;19.8
2276;From 65 to 74 years;Norway;Females;Towns and suburbs;4.1;36.1;36.5;0.0;23.2
2280;From 65 to 74 years;Norway;Males;Cities;12.3;24.7;52.3;0.0;10.8
2281;From 65 to 74 years;Norway;Males;Rural areas;4.2;41.1;38.0;0.0;16.8
2282;From 65 to 74 years;Norway;Males;Towns and suburbs;10.4;28.6;47.8;0.0;13.2
2286;From 65 to 74 years;Poland;Females;Cities;0.4;17.8;5.6;34.2;42.0
2287;From 65 to 74 years;Poland;Females;Rural areas;0.0;9.7;1.1;28.1;61.1
2288;From 65 to 74 years;Poland;Females;Towns and suburbs;0.5;13.2;2.7;30.9;52.7
2292;From 65 to 74 years;Poland;Males;Cities;4.7;26.0;17.0;28.2;24.1
2293;From 65 to 74 years;Poland;Males;Rural areas;3.0;27.0;14.3;29.8;25.8
2294;From 65 to 74 years;Poland;Males;Towns and suburbs;3.5;26.9;16.4;28.0;25.2
2298;From 65 to 74 years;Portugal;Females;Cities;20.1;8.9;12.6;12.3;46.1
2299;From 65 to 74 years;Portugal;Females;Rural areas;21.9;3.7;6.8;7.3;60.4
2300;From 65 to 74 years;Portugal;Females;Towns and suburbs;19.4;5.6;7.8;8.5;58.7
2304;From 65 to 74 years;Portugal;Males;Cities;58.4;8.0;17.3;5.0;11.2
2305;From 65 to 74 years;Portugal;Males;Rural areas;64.1;4.1;11.9;2.7;17.1
2306;From 65 to 74 years;Portugal;Males;Towns and suburbs;57.1;10.2;12.6;4.8;15.3
2310;From 65 to 74 years;Romania;Females;Cities;0.9;18.3;3.3;10.9;66.7
2311;From 65 to 74 years;Romania;Females;Rural areas;1.8;16.7;5.9;11.6;64.0
2312;From 65 to 74 years;Romania;Females;Towns and suburbs;0.8;18.6;3.7;11.8;65.1
2316;From 65 to 74 years;Romania;Males;Cities;5.3;35.6;19.1;7.5;32.5
2317;From 65 to 74 years;Romania;Males;Rural areas;13.7;24.6;28.2;5.6;27.9
2318;From 65 to 74 years;Romania;Males;Towns and suburbs;11.8;30.3;25.3;10.9;21.7
2328;From 65 to 74 years;Slovakia;Females;Cities;1.3;23.0;4.5;32.8;38.4
2329;From 65 to 74 years;Slovakia;Females;Rural areas;0.0;13.5;1.8;28.6;56.1
2330;From 65 to 74 years;Slovakia;Females;Towns and suburbs;1.4;16.7;3.7;30.7;47.5
2334;From 65 to 74 years;Slovakia;Males;Cities;9.3;21.6;19.1;23.3;26.7
2335;From 65 to 74 years;Slovakia;Males;Rural areas;13.6;31.5;18.8;15.6;20.5
2336;From 65 to 74 years;Slovakia;Males;Towns and suburbs;8.1;22.7;21.2;17.7;30.3
2340;From 65 to 74 years;Slovenia;Females;Cities;5.9;23.6;24.8;17.8;28.0
2341;From 65 to 74 years;Slovenia;Females;Rural areas;6.6;19.2;19.8;16.0;38.4
2342;From 65 to 74 years;Slovenia;Females;Towns and suburbs;6.8;24.2;14.3;23.2;31.4
2346;From 65 to 74 years;Slovenia;Males;Cities;23.6;17.8;41.0;6.1;11.6
2347;From 65 to 74 years;Slovenia;Males;Rural areas;20.2;14.3;32.4;4.4;28.7
2348;From 65 to 74 years;Slovenia;Males;Towns and suburbs;24.4;12.0;36.7;7.8;19.2
2352;From 65 to 74 years;Spain;Females;Cities;13.4;12.0;10.5;15.7;48.4
2353;From 65 to 74 years;Spain;Females;Rural areas;14.3;9.8;5.8;11.5;58.7
2354;From 65 to 74 years;Spain;Females;Towns and suburbs;11.4;10.3;12.2;13.5;52.5
2358;From 65 to 74 years;Spain;Males;Cities;45.1;10.9;18.3;7.9;17.9
2359;From 65 to 74 years;Spain;Males;Rural areas;40.8;7.9;13.1;10.3;27.8
2360;From 65 to 74 years;Spain;Males;Towns and suburbs;48.8;11.1;14.8;5.6;19.6
2364;From 65 to 74 years;Sweden;Females;Cities;4.3;23.2;33.6;19.6;19.2
2365;From 65 to 74 years;Sweden;Females;Rural areas;5.2;21.0;45.2;12.6;16.1
2366;From 65 to 74 years;Sweden;Females;Towns and suburbs;3.8;23.1;45.7;12.8;14.6
2370;From 65 to 74 years;Sweden;Males;Cities;5.2;15.0;52.1;15.7;12.0
2371;From 65 to 74 years;Sweden;Males;Rural areas;10.6;22.1;46.4;6.1;14.7
2372;From 65 to 74 years;Sweden;Males;Towns and suburbs;10.4;23.2;43.1;11.2;12.2
2376;From 65 to 74 years;Türkiye;Females;Cities;0.0;0.0;0.0;0.0;0.0
2377;From 65 to 74 years;Türkiye;Females;Rural areas;0.0;0.0;0.0;0.0;0.0
2378;From 65 to 74 years;Türkiye;Females;Towns and suburbs;0.0;0.0;0.0;0.0;0.0
2382;From 65 to 74 years;Türkiye;Males;Cities;0.0;0.0;0.0;0.0;0.0
2383;From 65 to 74 years;Türkiye;Males;Rural areas;0.0;0.0;0.0;0.0;0.0
2384;From 65 to 74 years;Türkiye;Males;Towns and suburbs;0.0;0.0;0.0;0.0;0.0
2388;From 65 to 74 years;United Kingdom;Females;Cities;8.8;12.0;39.5;19.6;20.1
2389;From 65 to 74 years;United Kingdom;Females;Rural areas;12.3;9.8;44.3;14.5;19.1
2390;From 65 to 74 years;United Kingdom;Females;Towns and suburbs;9.2;14.0;36.3;17.5;23.0
2391;From 65 to 74 years;United Kingdom;Males;Cities;16.8;12.7;49.2;8.6;12.6
2392;From 65 to 74 years;United Kingdom;Males;Rural areas;23.9;10.5;51.0;8.0;6.6
2393;From 65 to 74 years;United Kingdom;Males;Towns and suburbs;16.9;11.9;53.1;7.6;10.5
