;age;geo;sex;deg_urb;Frequent drinkers;Non-drinkers;Occasional drinkers;clusters
0;75 years or over;Austria;Females;Cities;26.9;35.7;37.5;0
1;75 years or over;Austria;Females;Rural areas;22.200000000000003;38.4;39.4;0
2;75 years or over;Austria;Females;Towns and suburbs;17.3;34.5;48.1;3
6;75 years or over;Austria;Males;Cities;47.8;16.8;35.4;1
7;75 years or over;Austria;Males;Rural areas;59.099999999999994;12.1;28.7;1
8;75 years or over;Austria;Males;Towns and suburbs;61.199999999999996;7.0;31.8;1
12;75 years or over;Belgium;Females;Cities;40.099999999999994;30.9;28.9;1
13;75 years or over;Belgium;Females;Rural areas;32.8;54.6;12.6;0
14;75 years or over;Belgium;Females;Towns and suburbs;30.099999999999998;45.5;24.4;0
18;75 years or over;Belgium;Males;Cities;63.900000000000006;21.7;14.3;1
19;75 years or over;Belgium;Males;Rural areas;41.2;42.8;16.0;1
20;75 years or over;Belgium;Males;Towns and suburbs;60.599999999999994;12.9;26.5;1
24;75 years or over;Bulgaria;Females;Cities;4.4;66.0;29.6;0
25;75 years or over;Bulgaria;Females;Rural areas;11.5;65.7;22.8;0
26;75 years or over;Bulgaria;Females;Towns and suburbs;3.7;67.8;28.5;0
30;75 years or over;Bulgaria;Males;Cities;23.5;39.0;37.5;0
31;75 years or over;Bulgaria;Males;Rural areas;30.200000000000003;45.8;24.0;0
32;75 years or over;Bulgaria;Males;Towns and suburbs;28.700000000000003;42.5;28.8;0
36;75 years or over;Croatia;Females;Cities;21.6;60.4;18.1;0
37;75 years or over;Croatia;Females;Rural areas;13.3;74.6;12.2;0
38;75 years or over;Croatia;Females;Towns and suburbs;17.299999999999997;68.2;14.4;0
42;75 years or over;Croatia;Males;Cities;38.3;19.2;42.400000000000006;3
43;75 years or over;Croatia;Males;Rural areas;47.7;45.6;6.699999999999999;1
44;75 years or over;Croatia;Males;Towns and suburbs;45.1;40.5;14.3;1
48;75 years or over;Cyprus;Females;Cities;6.2;76.0;17.9;0
49;75 years or over;Cyprus;Females;Rural areas;0.0;94.7;5.4;0
50;75 years or over;Cyprus;Females;Towns and suburbs;2.7;90.9;6.4;0
54;75 years or over;Cyprus;Males;Cities;28.0;46.8;25.3;0
55;75 years or over;Cyprus;Males;Rural areas;29.6;32.1;38.4;3
56;75 years or over;Cyprus;Males;Towns and suburbs;28.1;45.5;26.299999999999997;0
60;75 years or over;Czechia;Females;Cities;12.2;36.5;51.3;3
61;75 years or over;Czechia;Females;Rural areas;14.9;48.4;36.7;0
62;75 years or over;Czechia;Females;Towns and suburbs;16.8;39.9;43.2;0
66;75 years or over;Czechia;Males;Cities;53.4;17.6;29.0;1
67;75 years or over;Czechia;Males;Rural areas;56.8;21.4;21.8;1
68;75 years or over;Czechia;Males;Towns and suburbs;52.3;16.4;31.299999999999997;1
72;75 years or over;Denmark;Females;Cities;56.5;15.1;28.4;1
73;75 years or over;Denmark;Females;Rural areas;45.8;15.1;39.0;1
74;75 years or over;Denmark;Females;Towns and suburbs;45.099999999999994;13.5;41.400000000000006;1
78;75 years or over;Denmark;Males;Cities;76.0;9.3;14.7;1
79;75 years or over;Denmark;Males;Rural areas;75.9;5.8;18.3;1
80;75 years or over;Denmark;Males;Towns and suburbs;67.30000000000001;12.2;20.4;1
84;75 years or over;Estonia;Females;Cities;1.1;53.4;45.5;0
85;75 years or over;Estonia;Females;Rural areas;2.1;54.8;43.199999999999996;0
86;75 years or over;Estonia;Females;Towns and suburbs;0.0;69.3;30.6;0
90;75 years or over;Estonia;Males;Cities;14.7;19.6;65.7;3
91;75 years or over;Estonia;Males;Rural areas;14.0;34.6;51.4;3
92;75 years or over;Estonia;Males;Towns and suburbs;14.8;30.3;54.900000000000006;3
96;75 years or over;Finland;Females;Cities;20.7;33.8;45.6;3
97;75 years or over;Finland;Females;Rural areas;8.3;57.0;34.7;0
98;75 years or over;Finland;Females;Towns and suburbs;13.399999999999999;44.7;42.0;0
99;75 years or over;Finland;Males;Cities;40.900000000000006;29.4;29.700000000000003;1
100;75 years or over;Finland;Males;Rural areas;30.0;32.2;37.8;3
101;75 years or over;Finland;Males;Towns and suburbs;46.8;23.9;29.4;1
108;75 years or over;Germany;Females;Cities;38.2;26.5;35.400000000000006;1
109;75 years or over;Germany;Females;Rural areas;25.0;31.6;43.5;3
110;75 years or over;Germany;Females;Towns and suburbs;30.9;30.4;38.7;3
114;75 years or over;Germany;Males;Cities;65.2;10.1;24.7;1
115;75 years or over;Germany;Males;Rural areas;64.1;9.7;26.200000000000003;1
116;75 years or over;Germany;Males;Towns and suburbs;62.900000000000006;11.9;25.3;1
120;75 years or over;Greece;Females;Cities;9.7;67.6;22.700000000000003;0
121;75 years or over;Greece;Females;Rural areas;7.6000000000000005;73.1;19.200000000000003;0
122;75 years or over;Greece;Females;Towns and suburbs;9.7;71.2;19.0;0
126;75 years or over;Greece;Males;Cities;42.1;28.0;29.9;1
127;75 years or over;Greece;Males;Rural areas;40.3;34.9;24.8;1
128;75 years or over;Greece;Males;Towns and suburbs;38.6;39.8;21.6;1
132;75 years or over;Hungary;Females;Cities;17.5;52.0;30.5;0
133;75 years or over;Hungary;Females;Rural areas;10.399999999999999;63.5;26.0;0
134;75 years or over;Hungary;Females;Towns and suburbs;14.600000000000001;60.0;25.5;0
138;75 years or over;Hungary;Males;Cities;38.0;22.1;39.900000000000006;1
139;75 years or over;Hungary;Males;Rural areas;51.1;33.9;15.1;1
140;75 years or over;Hungary;Males;Towns and suburbs;44.9;34.5;20.6;1
144;75 years or over;Iceland;Females;Cities;5.9;49.1;45.0;0
145;75 years or over;Iceland;Females;Rural areas;0.0;56.5;43.5;0
146;75 years or over;Iceland;Females;Towns and suburbs;8.7;63.6;27.7;0
150;75 years or over;Iceland;Males;Cities;17.4;36.8;45.8;3
151;75 years or over;Iceland;Males;Rural areas;26.0;33.1;40.9;3
152;75 years or over;Iceland;Males;Towns and suburbs;12.100000000000001;43.4;44.4;0
156;75 years or over;Ireland;Females;Cities;29.6;42.7;27.9;0
157;75 years or over;Ireland;Females;Rural areas;13.9;63.9;22.2;0
158;75 years or over;Ireland;Females;Towns and suburbs;23.5;49.9;26.599999999999998;0
162;75 years or over;Ireland;Males;Cities;51.5;27.7;20.8;1
163;75 years or over;Ireland;Males;Rural areas;39.1;40.5;20.5;1
164;75 years or over;Ireland;Males;Towns and suburbs;33.4;50.6;16.1;0
168;75 years or over;Latvia;Females;Cities;1.6;62.9;35.5;0
169;75 years or over;Latvia;Females;Rural areas;1.1;63.1;35.8;0
170;75 years or over;Latvia;Females;Towns and suburbs;1.5;71.4;27.0;0
174;75 years or over;Latvia;Males;Cities;12.100000000000001;28.6;59.2;3
175;75 years or over;Latvia;Males;Rural areas;11.2;48.4;40.400000000000006;0
176;75 years or over;Latvia;Males;Towns and suburbs;1.7;39.3;59.0;3
180;75 years or over;Lithuania;Females;Cities;0.6;66.0;33.4;0
181;75 years or over;Lithuania;Females;Rural areas;0.0;71.1;28.9;0
182;75 years or over;Lithuania;Females;Towns and suburbs;0.0;74.0;26.0;0
186;75 years or over;Lithuania;Males;Cities;11.3;39.9;48.9;0
187;75 years or over;Lithuania;Males;Rural areas;12.6;38.8;48.6;0
188;75 years or over;Lithuania;Males;Towns and suburbs;0.0;0.0;0.0;2
192;75 years or over;Luxembourg;Females;Cities;0.0;0.0;0.0;2
193;75 years or over;Luxembourg;Females;Rural areas;31.6;34.2;34.2;0
194;75 years or over;Luxembourg;Females;Towns and suburbs;22.3;49.0;28.7;0
198;75 years or over;Luxembourg;Males;Cities;74.19999999999999;22.6;3.2;1
199;75 years or over;Luxembourg;Males;Rural areas;72.2;20.1;7.8;1
200;75 years or over;Luxembourg;Males;Towns and suburbs;64.19999999999999;10.9;24.9;1
204;75 years or over;Malta;Females;Cities;4.5;55.7;39.8;0
205;75 years or over;Malta;Females;Rural areas;0.0;0.0;0.0;2
206;75 years or over;Malta;Females;Towns and suburbs;14.1;67.2;18.8;0
210;75 years or over;Malta;Males;Cities;26.1;23.1;50.7;3
211;75 years or over;Malta;Males;Rural areas;0.0;0.0;0.0;2
212;75 years or over;Malta;Males;Towns and suburbs;40.5;35.4;24.1;1
222;75 years or over;Norway;Females;Cities;29.8;47.4;22.9;0
223;75 years or over;Norway;Females;Rural areas;12.7;53.9;33.4;0
224;75 years or over;Norway;Females;Towns and suburbs;25.4;38.0;36.7;0
228;75 years or over;Norway;Males;Cities;30.3;37.4;32.3;0
229;75 years or over;Norway;Males;Rural areas;30.0;40.8;29.2;0
230;75 years or over;Norway;Males;Towns and suburbs;43.0;29.4;27.7;1
234;75 years or over;Poland;Females;Cities;4.3;60.9;34.8;0
235;75 years or over;Poland;Females;Rural areas;1.5;81.6;16.8;0
236;75 years or over;Poland;Females;Towns and suburbs;2.1;76.0;22.0;0
240;75 years or over;Poland;Males;Cities;17.1;35.7;47.3;3
241;75 years or over;Poland;Males;Rural areas;8.6;47.8;43.6;0
242;75 years or over;Poland;Males;Towns and suburbs;10.299999999999999;45.1;44.7;0
246;75 years or over;Portugal;Females;Cities;27.9;55.0;17.1;0
247;75 years or over;Portugal;Females;Rural areas;24.9;67.9;7.2;0
248;75 years or over;Portugal;Females;Towns and suburbs;22.0;61.9;16.1;0
252;75 years or over;Portugal;Males;Cities;75.5;16.8;7.699999999999999;1
253;75 years or over;Portugal;Males;Rural areas;58.9;31.0;10.2;1
254;75 years or over;Portugal;Males;Towns and suburbs;63.0;27.9;9.2;1
258;75 years or over;Romania;Females;Cities;0.6;78.0;21.5;0
259;75 years or over;Romania;Females;Rural areas;5.0;76.6;18.4;0
260;75 years or over;Romania;Females;Towns and suburbs;5.0;77.1;17.9;0
264;75 years or over;Romania;Males;Cities;12.7;48.6;38.7;0
265;75 years or over;Romania;Males;Rural areas;20.0;46.9;33.0;0
266;75 years or over;Romania;Males;Towns and suburbs;22.299999999999997;43.1;34.6;0
276;75 years or over;Slovakia;Females;Cities;4.5;56.2;39.3;0
277;75 years or over;Slovakia;Females;Rural areas;0.7;79.6;19.8;0
278;75 years or over;Slovakia;Females;Towns and suburbs;4.2;69.8;26.0;0
282;75 years or over;Slovakia;Males;Cities;27.0;31.6;41.3;3
283;75 years or over;Slovakia;Males;Rural areas;21.6;39.3;39.1;0
284;75 years or over;Slovakia;Males;Towns and suburbs;17.9;35.0;47.2;3
288;75 years or over;Slovenia;Females;Cities;17.6;27.5;54.900000000000006;3
289;75 years or over;Slovenia;Females;Rural areas;26.1;44.8;29.1;0
290;75 years or over;Slovenia;Females;Towns and suburbs;18.9;45.8;35.3;0
294;75 years or over;Slovenia;Males;Cities;54.1;22.5;23.4;1
295;75 years or over;Slovenia;Males;Rural areas;51.3;23.4;25.299999999999997;1
296;75 years or over;Slovenia;Males;Towns and suburbs;64.6;15.6;19.7;1
300;75 years or over;Spain;Females;Cities;17.2;61.7;21.1;0
301;75 years or over;Spain;Females;Rural areas;14.399999999999999;72.4;13.2;0
302;75 years or over;Spain;Females;Towns and suburbs;17.799999999999997;65.7;16.5;0
306;75 years or over;Spain;Males;Cities;49.400000000000006;33.8;16.8;1
307;75 years or over;Spain;Males;Rural areas;49.8;35.9;14.399999999999999;1
308;75 years or over;Spain;Males;Towns and suburbs;50.9;35.2;13.899999999999999;1
312;75 years or over;Sweden;Females;Cities;23.599999999999998;39.0;37.5;0
313;75 years or over;Sweden;Females;Rural areas;26.8;33.4;39.7;3
314;75 years or over;Sweden;Females;Towns and suburbs;31.0;36.0;33.1;0
318;75 years or over;Sweden;Males;Cities;35.1;34.8;30.1;1
319;75 years or over;Sweden;Males;Rural areas;50.8;19.4;29.700000000000003;1
320;75 years or over;Sweden;Males;Towns and suburbs;47.8;18.9;33.3;1
324;75 years or over;Türkiye;Females;Cities;0.0;0.0;0.0;2
325;75 years or over;Türkiye;Females;Rural areas;0.0;0.0;0.0;2
326;75 years or over;Türkiye;Females;Towns and suburbs;0.0;0.0;0.0;2
330;75 years or over;Türkiye;Males;Cities;0.0;0.0;0.0;2
331;75 years or over;Türkiye;Males;Rural areas;0.0;0.0;0.0;2
332;75 years or over;Türkiye;Males;Towns and suburbs;0.0;0.0;0.0;2
336;75 years or over;United Kingdom;Females;Cities;33.3;36.3;30.5;0
337;75 years or over;United Kingdom;Females;Rural areas;42.5;30.7;26.8;1
338;75 years or over;United Kingdom;Females;Towns and suburbs;39.8;28.7;31.5;1
339;75 years or over;United Kingdom;Males;Cities;57.0;18.5;24.5;1
340;75 years or over;United Kingdom;Males;Rural areas;60.7;17.0;22.3;1
341;75 years or over;United Kingdom;Males;Towns and suburbs;62.0;19.1;18.9;1
342;From 15 to 24 years;Austria;Females;Cities;21.4;26.4;52.2;3
343;From 15 to 24 years;Austria;Females;Rural areas;21.7;8.1;70.2;3
344;From 15 to 24 years;Austria;Females;Towns and suburbs;19.8;19.2;61.0;3
348;From 15 to 24 years;Austria;Males;Cities;30.8;18.8;50.5;3
349;From 15 to 24 years;Austria;Males;Rural areas;43.5;11.0;45.5;1
350;From 15 to 24 years;Austria;Males;Towns and suburbs;37.300000000000004;16.3;46.300000000000004;3
354;From 15 to 24 years;Belgium;Females;Cities;29.5;40.1;30.4;0
355;From 15 to 24 years;Belgium;Females;Rural areas;30.9;15.6;53.5;3
356;From 15 to 24 years;Belgium;Females;Towns and suburbs;39.4;14.3;46.400000000000006;3
360;From 15 to 24 years;Belgium;Males;Cities;43.4;30.2;26.3;1
361;From 15 to 24 years;Belgium;Males;Rural areas;53.9;17.4;28.8;1
362;From 15 to 24 years;Belgium;Males;Towns and suburbs;44.9;16.7;38.4;1
366;From 15 to 24 years;Bulgaria;Females;Cities;10.5;49.6;40.0;0
367;From 15 to 24 years;Bulgaria;Females;Rural areas;3.7;66.6;29.8;0
368;From 15 to 24 years;Bulgaria;Females;Towns and suburbs;3.7;63.1;33.1;0
372;From 15 to 24 years;Bulgaria;Males;Cities;16.3;41.2;42.5;0
373;From 15 to 24 years;Bulgaria;Males;Rural areas;33.1;43.3;23.599999999999998;0
374;From 15 to 24 years;Bulgaria;Males;Towns and suburbs;16.5;50.5;33.0;0
378;From 15 to 24 years;Croatia;Females;Cities;5.3;33.3;61.4;3
379;From 15 to 24 years;Croatia;Females;Rural areas;2.8;51.3;45.9;0
380;From 15 to 24 years;Croatia;Females;Towns and suburbs;7.5;64.4;28.1;0
384;From 15 to 24 years;Croatia;Males;Cities;4.8;31.4;63.7;3
385;From 15 to 24 years;Croatia;Males;Rural areas;12.6;40.7;46.7;0
386;From 15 to 24 years;Croatia;Males;Towns and suburbs;21.200000000000003;36.5;42.3;0
390;From 15 to 24 years;Cyprus;Females;Cities;9.8;62.2;27.9;0
391;From 15 to 24 years;Cyprus;Females;Rural areas;3.5;73.7;22.900000000000002;0
392;From 15 to 24 years;Cyprus;Females;Towns and suburbs;10.8;66.5;22.700000000000003;0
396;From 15 to 24 years;Cyprus;Males;Cities;18.9;41.0;40.0;0
397;From 15 to 24 years;Cyprus;Males;Rural areas;18.8;35.8;45.400000000000006;3
398;From 15 to 24 years;Cyprus;Males;Towns and suburbs;13.0;42.1;44.9;0
402;From 15 to 24 years;Czechia;Females;Cities;22.9;14.2;62.9;3
403;From 15 to 24 years;Czechia;Females;Rural areas;21.5;21.2;57.3;3
404;From 15 to 24 years;Czechia;Females;Towns and suburbs;20.5;20.1;59.3;3
408;From 15 to 24 years;Czechia;Males;Cities;48.8;23.7;27.5;1
409;From 15 to 24 years;Czechia;Males;Rural areas;44.3;11.9;43.9;1
410;From 15 to 24 years;Czechia;Males;Towns and suburbs;50.6;16.1;33.3;1
414;From 15 to 24 years;Denmark;Females;Cities;28.3;7.6;64.1;3
415;From 15 to 24 years;Denmark;Females;Rural areas;12.5;11.0;76.5;3
416;From 15 to 24 years;Denmark;Females;Towns and suburbs;31.3;3.1;65.6;3
420;From 15 to 24 years;Denmark;Males;Cities;39.2;10.9;50.0;3
421;From 15 to 24 years;Denmark;Males;Rural areas;25.0;16.3;58.599999999999994;3
422;From 15 to 24 years;Denmark;Males;Towns and suburbs;28.5;24.5;47.0;3
426;From 15 to 24 years;Estonia;Females;Cities;16.6;23.7;59.7;3
427;From 15 to 24 years;Estonia;Females;Rural areas;6.0;27.7;66.3;3
428;From 15 to 24 years;Estonia;Females;Towns and suburbs;5.4;31.2;63.400000000000006;3
432;From 15 to 24 years;Estonia;Males;Cities;27.2;21.8;51.1;3
433;From 15 to 24 years;Estonia;Males;Rural areas;23.5;26.9;49.5;3
434;From 15 to 24 years;Estonia;Males;Towns and suburbs;17.6;22.6;59.8;3
438;From 15 to 24 years;Finland;Females;Cities;24.9;19.5;55.6;3
439;From 15 to 24 years;Finland;Females;Rural areas;15.6;23.3;61.2;3
440;From 15 to 24 years;Finland;Females;Towns and suburbs;12.8;24.1;63.099999999999994;3
441;From 15 to 24 years;Finland;Males;Cities;29.6;20.7;49.7;3
442;From 15 to 24 years;Finland;Males;Rural areas;17.9;23.7;58.5;3
443;From 15 to 24 years;Finland;Males;Towns and suburbs;31.1;18.3;50.599999999999994;3
450;From 15 to 24 years;Germany;Females;Cities;31.0;16.9;52.1;3
451;From 15 to 24 years;Germany;Females;Rural areas;23.7;12.0;64.19999999999999;3
452;From 15 to 24 years;Germany;Females;Towns and suburbs;24.5;19.2;56.3;3
456;From 15 to 24 years;Germany;Males;Cities;36.6;22.0;41.4;3
457;From 15 to 24 years;Germany;Males;Rural areas;43.1;9.9;47.0;1
458;From 15 to 24 years;Germany;Males;Towns and suburbs;42.0;14.4;43.6;1
462;From 15 to 24 years;Greece;Females;Cities;35.099999999999994;17.0;47.9;3
463;From 15 to 24 years;Greece;Females;Rural areas;11.6;53.4;34.9;0
464;From 15 to 24 years;Greece;Females;Towns and suburbs;21.1;35.1;43.8;3
468;From 15 to 24 years;Greece;Males;Cities;34.699999999999996;22.6;42.8;3
469;From 15 to 24 years;Greece;Males;Rural areas;33.9;24.4;41.7;3
470;From 15 to 24 years;Greece;Males;Towns and suburbs;29.400000000000002;21.8;48.8;3
474;From 15 to 24 years;Hungary;Females;Cities;12.3;28.7;58.9;3
475;From 15 to 24 years;Hungary;Females;Rural areas;6.1;43.5;50.4;0
476;From 15 to 24 years;Hungary;Females;Towns and suburbs;1.7;40.0;58.2;3
480;From 15 to 24 years;Hungary;Males;Cities;29.4;20.0;50.6;3
481;From 15 to 24 years;Hungary;Males;Rural areas;16.3;22.6;61.0;3
482;From 15 to 24 years;Hungary;Males;Towns and suburbs;23.1;20.7;56.2;3
486;From 15 to 24 years;Iceland;Females;Cities;8.7;29.3;62.099999999999994;3
487;From 15 to 24 years;Iceland;Females;Rural areas;11.6;37.7;50.7;3
488;From 15 to 24 years;Iceland;Females;Towns and suburbs;2.8;31.9;65.30000000000001;3
492;From 15 to 24 years;Iceland;Males;Cities;9.8;36.2;54.0;3
493;From 15 to 24 years;Iceland;Males;Rural areas;16.6;40.2;43.2;0
494;From 15 to 24 years;Iceland;Males;Towns and suburbs;8.0;40.9;51.1;0
498;From 15 to 24 years;Ireland;Females;Cities;41.4;11.4;47.3;3
499;From 15 to 24 years;Ireland;Females;Rural areas;22.3;26.0;51.7;3
500;From 15 to 24 years;Ireland;Females;Towns and suburbs;25.3;32.8;42.0;3
504;From 15 to 24 years;Ireland;Males;Cities;48.7;10.9;40.5;1
505;From 15 to 24 years;Ireland;Males;Rural areas;25.5;31.6;43.0;3
506;From 15 to 24 years;Ireland;Males;Towns and suburbs;28.0;33.2;38.8;3
510;From 15 to 24 years;Latvia;Females;Cities;9.299999999999999;33.0;57.7;3
511;From 15 to 24 years;Latvia;Females;Rural areas;5.7;31.1;63.2;3
512;From 15 to 24 years;Latvia;Females;Towns and suburbs;11.1;27.7;61.2;3
516;From 15 to 24 years;Latvia;Males;Cities;21.9;25.7;52.4;3
517;From 15 to 24 years;Latvia;Males;Rural areas;7.2;23.6;69.2;3
518;From 15 to 24 years;Latvia;Males;Towns and suburbs;8.0;22.4;69.6;3
522;From 15 to 24 years;Lithuania;Females;Cities;8.1;47.2;44.7;0
523;From 15 to 24 years;Lithuania;Females;Rural areas;3.7;42.6;53.7;0
524;From 15 to 24 years;Lithuania;Females;Towns and suburbs;3.7;18.7;77.5;3
528;From 15 to 24 years;Lithuania;Males;Cities;12.8;32.8;54.400000000000006;3
529;From 15 to 24 years;Lithuania;Males;Rural areas;12.3;34.7;53.0;3
530;From 15 to 24 years;Lithuania;Males;Towns and suburbs;0.0;41.1;58.900000000000006;0
534;From 15 to 24 years;Luxembourg;Females;Cities;25.8;38.7;35.5;0
535;From 15 to 24 years;Luxembourg;Females;Rural areas;15.9;25.2;58.900000000000006;3
536;From 15 to 24 years;Luxembourg;Females;Towns and suburbs;20.2;27.4;52.5;3
540;From 15 to 24 years;Luxembourg;Males;Cities;50.0;20.0;30.0;1
541;From 15 to 24 years;Luxembourg;Males;Rural areas;36.699999999999996;16.8;46.5;3
542;From 15 to 24 years;Luxembourg;Males;Towns and suburbs;26.9;20.8;52.4;3
546;From 15 to 24 years;Malta;Females;Cities;27.1;22.6;50.4;3
547;From 15 to 24 years;Malta;Females;Rural areas;26.9;30.8;42.3;3
548;From 15 to 24 years;Malta;Females;Towns and suburbs;42.1;15.3;42.6;1
552;From 15 to 24 years;Malta;Males;Cities;49.2;8.6;42.2;1
553;From 15 to 24 years;Malta;Males;Rural areas;0.0;0.0;0.0;2
554;From 15 to 24 years;Malta;Males;Towns and suburbs;55.2;17.3;27.5;1
564;From 15 to 24 years;Norway;Females;Cities;14.6;25.5;59.9;3
565;From 15 to 24 years;Norway;Females;Rural areas;6.4;23.8;69.8;3
566;From 15 to 24 years;Norway;Females;Towns and suburbs;10.7;26.4;63.0;3
570;From 15 to 24 years;Norway;Males;Cities;30.2;24.7;45.1;3
571;From 15 to 24 years;Norway;Males;Rural areas;10.8;26.8;62.4;3
572;From 15 to 24 years;Norway;Males;Towns and suburbs;15.0;26.1;58.9;3
576;From 15 to 24 years;Poland;Females;Cities;18.1;31.6;50.3;3
577;From 15 to 24 years;Poland;Females;Rural areas;1.9;56.7;41.400000000000006;0
578;From 15 to 24 years;Poland;Females;Towns and suburbs;6.2;52.7;41.1;0
582;From 15 to 24 years;Poland;Males;Cities;26.1;26.2;47.7;3
583;From 15 to 24 years;Poland;Males;Rural areas;13.4;38.3;48.4;0
584;From 15 to 24 years;Poland;Males;Towns and suburbs;15.2;32.3;52.5;3
588;From 15 to 24 years;Portugal;Females;Cities;12.1;33.1;54.8;3
589;From 15 to 24 years;Portugal;Females;Rural areas;6.6;44.5;48.900000000000006;0
590;From 15 to 24 years;Portugal;Females;Towns and suburbs;12.1;41.7;46.2;0
594;From 15 to 24 years;Portugal;Males;Cities;21.1;30.3;48.5;3
595;From 15 to 24 years;Portugal;Males;Rural areas;36.199999999999996;28.8;35.0;1
596;From 15 to 24 years;Portugal;Males;Towns and suburbs;33.9;21.5;44.5;3
600;From 15 to 24 years;Romania;Females;Cities;1.3;67.6;31.1;0
601;From 15 to 24 years;Romania;Females;Rural areas;1.2;74.2;24.6;0
602;From 15 to 24 years;Romania;Females;Towns and suburbs;1.7;74.9;23.4;0
606;From 15 to 24 years;Romania;Males;Cities;7.5;55.2;37.400000000000006;0
607;From 15 to 24 years;Romania;Males;Rural areas;11.9;54.6;33.4;0
608;From 15 to 24 years;Romania;Males;Towns and suburbs;10.3;56.1;33.6;0
618;From 15 to 24 years;Slovakia;Females;Cities;7.5;43.6;49.0;0
619;From 15 to 24 years;Slovakia;Females;Rural areas;3.5;44.3;52.3;0
620;From 15 to 24 years;Slovakia;Females;Towns and suburbs;7.9;41.2;51.0;0
624;From 15 to 24 years;Slovakia;Males;Cities;15.6;28.5;55.9;3
625;From 15 to 24 years;Slovakia;Males;Rural areas;20.7;25.7;53.5;3
626;From 15 to 24 years;Slovakia;Males;Towns and suburbs;19.2;33.7;47.099999999999994;3
630;From 15 to 24 years;Slovenia;Females;Cities;15.0;32.6;52.4;3
631;From 15 to 24 years;Slovenia;Females;Rural areas;16.7;26.2;57.1;3
632;From 15 to 24 years;Slovenia;Females;Towns and suburbs;12.2;18.1;69.69999999999999;3
636;From 15 to 24 years;Slovenia;Males;Cities;19.9;20.1;60.0;3
637;From 15 to 24 years;Slovenia;Males;Rural areas;33.300000000000004;20.8;45.9;3
638;From 15 to 24 years;Slovenia;Males;Towns and suburbs;31.4;15.1;53.400000000000006;3
642;From 15 to 24 years;Spain;Females;Cities;13.7;37.4;48.9;3
643;From 15 to 24 years;Spain;Females;Rural areas;18.9;40.7;40.3;0
644;From 15 to 24 years;Spain;Females;Towns and suburbs;16.0;37.9;46.1;0
648;From 15 to 24 years;Spain;Males;Cities;32.2;31.9;35.9;3
649;From 15 to 24 years;Spain;Males;Rural areas;24.2;31.2;44.6;3
650;From 15 to 24 years;Spain;Males;Towns and suburbs;30.8;35.8;33.5;0
654;From 15 to 24 years;Sweden;Females;Cities;10.3;36.2;53.4;3
655;From 15 to 24 years;Sweden;Females;Rural areas;19.3;40.5;40.2;0
656;From 15 to 24 years;Sweden;Females;Towns and suburbs;12.7;33.3;54.0;3
660;From 15 to 24 years;Sweden;Males;Cities;12.1;36.2;51.699999999999996;3
661;From 15 to 24 years;Sweden;Males;Rural areas;21.599999999999998;35.1;43.2;3
662;From 15 to 24 years;Sweden;Males;Towns and suburbs;18.599999999999998;35.0;46.5;3
666;From 15 to 24 years;Türkiye;Females;Cities;0.0;0.0;0.0;2
667;From 15 to 24 years;Türkiye;Females;Rural areas;0.0;0.0;0.0;2
668;From 15 to 24 years;Türkiye;Females;Towns and suburbs;0.0;0.0;0.0;2
672;From 15 to 24 years;Türkiye;Males;Cities;0.0;0.0;0.0;2
673;From 15 to 24 years;Türkiye;Males;Rural areas;0.0;0.0;0.0;2
674;From 15 to 24 years;Türkiye;Males;Towns and suburbs;0.0;0.0;0.0;2
678;From 15 to 24 years;United Kingdom;Females;Cities;25.4;26.6;48.0;3
679;From 15 to 24 years;United Kingdom;Females;Rural areas;44.5;20.7;34.8;1
680;From 15 to 24 years;United Kingdom;Females;Towns and suburbs;37.0;9.1;53.900000000000006;3
681;From 15 to 24 years;United Kingdom;Males;Cities;33.300000000000004;25.2;41.400000000000006;3
682;From 15 to 24 years;United Kingdom;Males;Rural areas;44.9;11.7;43.4;1
683;From 15 to 24 years;United Kingdom;Males;Towns and suburbs;39.1;28.4;32.5;1
684;From 25 to 34 years;Austria;Females;Cities;20.8;25.4;53.8;3
685;From 25 to 34 years;Austria;Females;Rural areas;16.099999999999998;21.4;62.5;3
686;From 25 to 34 years;Austria;Females;Towns and suburbs;17.3;24.8;58.0;3
690;From 25 to 34 years;Austria;Males;Cities;49.7;10.8;39.5;1
691;From 25 to 34 years;Austria;Males;Rural areas;50.900000000000006;5.6;43.5;1
692;From 25 to 34 years;Austria;Males;Towns and suburbs;37.7;11.1;51.2;3
696;From 25 to 34 years;Belgium;Females;Cities;27.1;29.5;43.4;3
697;From 25 to 34 years;Belgium;Females;Rural areas;25.2;13.4;61.4;3
698;From 25 to 34 years;Belgium;Females;Towns and suburbs;29.7;14.7;55.599999999999994;3
702;From 25 to 34 years;Belgium;Males;Cities;59.199999999999996;17.2;23.6;1
703;From 25 to 34 years;Belgium;Males;Rural areas;47.8;12.8;39.4;1
704;From 25 to 34 years;Belgium;Males;Towns and suburbs;62.9;7.6;29.4;1
708;From 25 to 34 years;Bulgaria;Females;Cities;18.6;21.7;59.800000000000004;3
709;From 25 to 34 years;Bulgaria;Females;Rural areas;16.7;40.7;42.7;0
710;From 25 to 34 years;Bulgaria;Females;Towns and suburbs;10.5;48.3;41.2;0
714;From 25 to 34 years;Bulgaria;Males;Cities;39.7;13.1;47.2;3
715;From 25 to 34 years;Bulgaria;Males;Rural areas;47.400000000000006;16.5;36.1;1
716;From 25 to 34 years;Bulgaria;Males;Towns and suburbs;27.299999999999997;29.4;43.2;3
720;From 25 to 34 years;Croatia;Females;Cities;13.1;37.0;49.900000000000006;3
721;From 25 to 34 years;Croatia;Females;Rural areas;7.7;55.4;36.9;0
722;From 25 to 34 years;Croatia;Females;Towns and suburbs;6.9;60.7;32.3;0
726;From 25 to 34 years;Croatia;Males;Cities;34.1;19.2;46.6;3
727;From 25 to 34 years;Croatia;Males;Rural areas;25.099999999999998;27.6;47.3;3
728;From 25 to 34 years;Croatia;Males;Towns and suburbs;31.6;26.7;41.7;3
732;From 25 to 34 years;Cyprus;Females;Cities;11.3;50.2;38.5;0
733;From 25 to 34 years;Cyprus;Females;Rural areas;7.2;66.3;26.400000000000002;0
734;From 25 to 34 years;Cyprus;Females;Towns and suburbs;12.0;59.5;28.599999999999998;0
738;From 25 to 34 years;Cyprus;Males;Cities;35.8;22.2;42.0;3
739;From 25 to 34 years;Cyprus;Males;Rural areas;23.700000000000003;24.3;52.0;3
740;From 25 to 34 years;Cyprus;Males;Towns and suburbs;32.4;31.4;36.2;3
744;From 25 to 34 years;Czechia;Females;Cities;25.7;9.5;64.7;3
745;From 25 to 34 years;Czechia;Females;Rural areas;30.7;10.0;59.2;3
746;From 25 to 34 years;Czechia;Females;Towns and suburbs;24.400000000000002;20.0;55.6;3
750;From 25 to 34 years;Czechia;Males;Cities;63.9;1.7;34.3;1
751;From 25 to 34 years;Czechia;Males;Rural areas;55.5;11.0;33.5;1
752;From 25 to 34 years;Czechia;Males;Towns and suburbs;59.5;5.2;35.3;1
756;From 25 to 34 years;Denmark;Females;Cities;30.6;10.0;59.5;3
757;From 25 to 34 years;Denmark;Females;Rural areas;14.5;17.9;67.5;3
758;From 25 to 34 years;Denmark;Females;Towns and suburbs;19.4;13.9;66.7;3
762;From 25 to 34 years;Denmark;Males;Cities;52.4;6.4;41.1;1
763;From 25 to 34 years;Denmark;Males;Rural areas;47.9;6.8;45.2;1
764;From 25 to 34 years;Denmark;Males;Towns and suburbs;31.5;7.9;60.5;3
768;From 25 to 34 years;Estonia;Females;Cities;19.4;12.1;68.5;3
769;From 25 to 34 years;Estonia;Females;Rural areas;16.3;13.1;70.5;3
770;From 25 to 34 years;Estonia;Females;Towns and suburbs;14.3;20.8;65.0;3
774;From 25 to 34 years;Estonia;Males;Cities;38.0;5.3;56.7;3
775;From 25 to 34 years;Estonia;Males;Rural areas;38.6;5.1;56.3;3
776;From 25 to 34 years;Estonia;Males;Towns and suburbs;37.7;5.8;56.5;3
780;From 25 to 34 years;Finland;Females;Cities;32.2;7.7;60.2;3
781;From 25 to 34 years;Finland;Females;Rural areas;17.4;17.7;64.9;3
782;From 25 to 34 years;Finland;Females;Towns and suburbs;16.8;8.3;74.9;3
783;From 25 to 34 years;Finland;Males;Cities;46.1;9.0;44.900000000000006;1
784;From 25 to 34 years;Finland;Males;Rural areas;42.4;15.5;42.2;1
785;From 25 to 34 years;Finland;Males;Towns and suburbs;48.6;7.2;44.2;1
792;From 25 to 34 years;Germany;Females;Cities;35.4;15.2;49.400000000000006;3
793;From 25 to 34 years;Germany;Females;Rural areas;22.900000000000002;17.1;60.1;3
794;From 25 to 34 years;Germany;Females;Towns and suburbs;28.799999999999997;14.8;56.5;3
798;From 25 to 34 years;Germany;Males;Cities;55.9;10.1;34.0;1
799;From 25 to 34 years;Germany;Males;Rural areas;62.4;5.2;32.5;1
800;From 25 to 34 years;Germany;Males;Towns and suburbs;53.300000000000004;8.5;38.2;1
804;From 25 to 34 years;Greece;Females;Cities;19.3;30.9;49.7;3
805;From 25 to 34 years;Greece;Females;Rural areas;14.6;39.5;45.900000000000006;0
806;From 25 to 34 years;Greece;Females;Towns and suburbs;27.0;23.5;49.5;3
810;From 25 to 34 years;Greece;Males;Cities;47.400000000000006;11.7;40.900000000000006;1
811;From 25 to 34 years;Greece;Males;Rural areas;56.2;6.8;37.0;1
812;From 25 to 34 years;Greece;Males;Towns and suburbs;40.8;11.6;47.6;3
816;From 25 to 34 years;Hungary;Females;Cities;15.7;27.3;57.1;3
817;From 25 to 34 years;Hungary;Females;Rural areas;3.2;40.3;56.6;0
818;From 25 to 34 years;Hungary;Females;Towns and suburbs;7.3;33.6;59.1;3
822;From 25 to 34 years;Hungary;Males;Cities;38.9;7.7;53.4;3
823;From 25 to 34 years;Hungary;Males;Rural areas;28.6;20.0;51.4;3
824;From 25 to 34 years;Hungary;Males;Towns and suburbs;27.4;13.7;58.9;3
828;From 25 to 34 years;Iceland;Females;Cities;16.0;6.2;77.9;3
829;From 25 to 34 years;Iceland;Females;Rural areas;2.0;11.1;86.9;3
830;From 25 to 34 years;Iceland;Females;Towns and suburbs;9.0;1.3;89.6;3
834;From 25 to 34 years;Iceland;Males;Cities;28.9;7.9;63.3;3
835;From 25 to 34 years;Iceland;Males;Rural areas;35.0;5.1;59.900000000000006;3
836;From 25 to 34 years;Iceland;Males;Towns and suburbs;15.9;10.0;74.0;3
840;From 25 to 34 years;Ireland;Females;Cities;36.2;13.1;50.7;3
841;From 25 to 34 years;Ireland;Females;Rural areas;30.2;10.1;59.599999999999994;3
842;From 25 to 34 years;Ireland;Females;Towns and suburbs;29.1;7.4;63.5;3
846;From 25 to 34 years;Ireland;Males;Cities;51.099999999999994;8.2;40.8;1
847;From 25 to 34 years;Ireland;Males;Rural areas;33.0;15.5;51.5;3
848;From 25 to 34 years;Ireland;Males;Towns and suburbs;45.400000000000006;6.7;47.9;1
852;From 25 to 34 years;Latvia;Females;Cities;18.099999999999998;18.1;63.900000000000006;3
853;From 25 to 34 years;Latvia;Females;Rural areas;10.299999999999999;16.5;73.1;3
854;From 25 to 34 years;Latvia;Females;Towns and suburbs;4.5;17.1;78.4;3
858;From 25 to 34 years;Latvia;Males;Cities;36.1;11.3;52.5;3
859;From 25 to 34 years;Latvia;Males;Rural areas;22.700000000000003;5.6;71.7;3
860;From 25 to 34 years;Latvia;Males;Towns and suburbs;24.7;6.0;69.3;3
864;From 25 to 34 years;Lithuania;Females;Cities;8.4;14.3;77.3;3
865;From 25 to 34 years;Lithuania;Females;Rural areas;6.2;16.3;77.4;3
866;From 25 to 34 years;Lithuania;Females;Towns and suburbs;0.0;4.4;95.60000000000001;3
870;From 25 to 34 years;Lithuania;Males;Cities;20.7;9.2;70.0;3
871;From 25 to 34 years;Lithuania;Males;Rural areas;34.4;2.7;62.900000000000006;3
872;From 25 to 34 years;Lithuania;Males;Towns and suburbs;23.8;4.8;71.4;3
876;From 25 to 34 years;Luxembourg;Females;Cities;45.1;21.1;33.9;1
877;From 25 to 34 years;Luxembourg;Females;Rural areas;30.0;19.2;50.8;3
878;From 25 to 34 years;Luxembourg;Females;Towns and suburbs;29.2;26.9;43.8;3
882;From 25 to 34 years;Luxembourg;Males;Cities;62.5;4.7;32.9;1
883;From 25 to 34 years;Luxembourg;Males;Rural areas;60.2;5.6;34.1;1
884;From 25 to 34 years;Luxembourg;Males;Towns and suburbs;58.099999999999994;14.2;27.7;1
888;From 25 to 34 years;Malta;Females;Cities;23.700000000000003;17.6;58.7;3
889;From 25 to 34 years;Malta;Females;Rural areas;13.3;33.3;53.3;3
890;From 25 to 34 years;Malta;Females;Towns and suburbs;35.5;20.3;44.2;3
894;From 25 to 34 years;Malta;Males;Cities;40.1;5.9;54.0;3
895;From 25 to 34 years;Malta;Males;Rural areas;61.5;15.4;23.0;1
896;From 25 to 34 years;Malta;Males;Towns and suburbs;53.8;10.0;36.3;1
906;From 25 to 34 years;Norway;Females;Cities;30.3;16.6;53.1;3
907;From 25 to 34 years;Norway;Females;Rural areas;12.1;18.7;69.2;3
908;From 25 to 34 years;Norway;Females;Towns and suburbs;12.8;28.0;59.1;3
912;From 25 to 34 years;Norway;Males;Cities;40.6;9.1;50.4;3
913;From 25 to 34 years;Norway;Males;Rural areas;27.5;10.6;61.9;3
914;From 25 to 34 years;Norway;Males;Towns and suburbs;27.0;14.9;58.0;3
918;From 25 to 34 years;Poland;Females;Cities;21.599999999999998;19.4;59.0;3
919;From 25 to 34 years;Poland;Females;Rural areas;6.2;32.5;61.3;3
920;From 25 to 34 years;Poland;Females;Towns and suburbs;11.899999999999999;25.7;62.400000000000006;3
924;From 25 to 34 years;Poland;Males;Cities;41.699999999999996;7.2;51.099999999999994;3
925;From 25 to 34 years;Poland;Males;Rural areas;30.3;9.2;60.5;3
926;From 25 to 34 years;Poland;Males;Towns and suburbs;37.5;4.9;57.5;3
930;From 25 to 34 years;Portugal;Females;Cities;14.1;34.6;51.400000000000006;3
931;From 25 to 34 years;Portugal;Females;Rural areas;13.0;47.2;39.8;0
932;From 25 to 34 years;Portugal;Females;Towns and suburbs;23.0;34.7;42.3;3
936;From 25 to 34 years;Portugal;Males;Cities;50.3;9.0;40.9;1
937;From 25 to 34 years;Portugal;Males;Rural areas;57.9;8.2;33.9;1
938;From 25 to 34 years;Portugal;Males;Towns and suburbs;51.2;13.6;35.3;1
942;From 25 to 34 years;Romania;Females;Cities;3.6;51.7;44.7;0
943;From 25 to 34 years;Romania;Females;Rural areas;7.2;50.0;42.8;0
944;From 25 to 34 years;Romania;Females;Towns and suburbs;5.4;44.4;50.1;0
948;From 25 to 34 years;Romania;Males;Cities;24.9;18.8;56.3;3
949;From 25 to 34 years;Romania;Males;Rural areas;41.0;22.2;36.8;1
950;From 25 to 34 years;Romania;Males;Towns and suburbs;42.6;12.5;45.0;1
960;From 25 to 34 years;Slovakia;Females;Cities;14.5;24.9;60.599999999999994;3
961;From 25 to 34 years;Slovakia;Females;Rural areas;4.6;34.6;60.7;3
962;From 25 to 34 years;Slovakia;Females;Towns and suburbs;7.8999999999999995;27.2;64.9;3
966;From 25 to 34 years;Slovakia;Males;Cities;25.0;11.2;63.8;3
967;From 25 to 34 years;Slovakia;Males;Rural areas;26.599999999999998;13.3;60.2;3
968;From 25 to 34 years;Slovakia;Males;Towns and suburbs;32.5;16.4;51.0;3
972;From 25 to 34 years;Slovenia;Females;Cities;15.9;17.2;66.8;3
973;From 25 to 34 years;Slovenia;Females;Rural areas;22.2;19.1;58.8;3
974;From 25 to 34 years;Slovenia;Females;Towns and suburbs;15.1;26.0;58.900000000000006;3
978;From 25 to 34 years;Slovenia;Males;Cities;53.2;5.8;41.0;1
979;From 25 to 34 years;Slovenia;Males;Rural areas;44.5;12.1;43.4;1
980;From 25 to 34 years;Slovenia;Males;Towns and suburbs;42.300000000000004;20.2;37.5;1
984;From 25 to 34 years;Spain;Females;Cities;25.400000000000002;29.5;45.0;3
985;From 25 to 34 years;Spain;Females;Rural areas;19.3;36.2;44.5;3
986;From 25 to 34 years;Spain;Females;Towns and suburbs;22.0;39.6;38.5;0
990;From 25 to 34 years;Spain;Males;Cities;44.300000000000004;15.7;40.0;1
991;From 25 to 34 years;Spain;Males;Rural areas;46.400000000000006;18.0;35.5;1
992;From 25 to 34 years;Spain;Males;Towns and suburbs;41.4;16.5;42.1;1
996;From 25 to 34 years;Sweden;Females;Cities;20.8;22.1;57.1;3
997;From 25 to 34 years;Sweden;Females;Rural areas;33.2;17.5;49.2;3
998;From 25 to 34 years;Sweden;Females;Towns and suburbs;18.9;20.2;60.900000000000006;3
1002;From 25 to 34 years;Sweden;Males;Cities;35.2;8.7;56.2;3
1003;From 25 to 34 years;Sweden;Males;Rural areas;44.400000000000006;10.0;45.6;1
1004;From 25 to 34 years;Sweden;Males;Towns and suburbs;27.8;13.3;58.800000000000004;3
1008;From 25 to 34 years;Türkiye;Females;Cities;0.0;0.0;0.0;2
1009;From 25 to 34 years;Türkiye;Females;Rural areas;0.0;0.0;0.0;2
1010;From 25 to 34 years;Türkiye;Females;Towns and suburbs;0.0;0.0;0.0;2
1014;From 25 to 34 years;Türkiye;Males;Cities;0.0;0.0;0.0;2
1015;From 25 to 34 years;Türkiye;Males;Rural areas;0.0;0.0;0.0;2
1016;From 25 to 34 years;Türkiye;Males;Towns and suburbs;0.0;0.0;0.0;2
1020;From 25 to 34 years;United Kingdom;Females;Cities;36.1;20.3;43.599999999999994;3
1021;From 25 to 34 years;United Kingdom;Females;Rural areas;39.099999999999994;13.9;47.0;3
1022;From 25 to 34 years;United Kingdom;Females;Towns and suburbs;41.099999999999994;20.1;38.8;1
1023;From 25 to 34 years;United Kingdom;Males;Cities;56.2;11.5;32.3;1
1024;From 25 to 34 years;United Kingdom;Males;Rural areas;53.9;14.4;31.8;1
1025;From 25 to 34 years;United Kingdom;Males;Towns and suburbs;55.300000000000004;3.5;41.1;1
1026;From 35 to 44 years;Austria;Females;Cities;22.8;21.8;55.400000000000006;3
1027;From 35 to 44 years;Austria;Females;Rural areas;17.3;14.2;68.4;3
1028;From 35 to 44 years;Austria;Females;Towns and suburbs;25.7;12.4;62.0;3
1032;From 35 to 44 years;Austria;Males;Cities;52.099999999999994;15.5;32.4;1
1033;From 35 to 44 years;Austria;Males;Rural areas;46.9;10.3;42.8;1
1034;From 35 to 44 years;Austria;Males;Towns and suburbs;47.0;10.9;42.1;1
1038;From 35 to 44 years;Belgium;Females;Cities;36.7;28.1;35.2;1
1039;From 35 to 44 years;Belgium;Females;Rural areas;55.300000000000004;14.8;30.0;1
1040;From 35 to 44 years;Belgium;Females;Towns and suburbs;38.800000000000004;14.8;46.4;3
1044;From 35 to 44 years;Belgium;Males;Cities;60.2;20.7;19.2;1
1045;From 35 to 44 years;Belgium;Males;Rural areas;74.8;6.2;19.0;1
1046;From 35 to 44 years;Belgium;Males;Towns and suburbs;67.7;6.4;25.9;1
1050;From 35 to 44 years;Bulgaria;Females;Cities;25.4;25.7;48.900000000000006;3
1051;From 35 to 44 years;Bulgaria;Females;Rural areas;11.7;43.3;45.0;0
1052;From 35 to 44 years;Bulgaria;Females;Towns and suburbs;17.3;32.6;50.0;3
1056;From 35 to 44 years;Bulgaria;Males;Cities;42.0;12.8;45.2;1
1057;From 35 to 44 years;Bulgaria;Males;Rural areas;59.3;13.6;27.099999999999998;1
1058;From 35 to 44 years;Bulgaria;Males;Towns and suburbs;47.3;18.4;34.2;1
1062;From 35 to 44 years;Croatia;Females;Cities;22.8;34.2;43.0;3
1063;From 35 to 44 years;Croatia;Females;Rural areas;7.7;59.2;33.2;0
1064;From 35 to 44 years;Croatia;Females;Towns and suburbs;7.6;60.6;31.7;0
1068;From 35 to 44 years;Croatia;Males;Cities;54.7;17.4;27.9;1
1069;From 35 to 44 years;Croatia;Males;Rural areas;37.5;30.9;31.6;1
1070;From 35 to 44 years;Croatia;Males;Towns and suburbs;32.3;32.3;35.3;3
1074;From 35 to 44 years;Cyprus;Females;Cities;9.9;55.3;34.9;0
1075;From 35 to 44 years;Cyprus;Females;Rural areas;3.5;69.4;27.2;0
1076;From 35 to 44 years;Cyprus;Females;Towns and suburbs;10.899999999999999;62.6;26.5;0
1080;From 35 to 44 years;Cyprus;Males;Cities;34.9;20.8;44.3;3
1081;From 35 to 44 years;Cyprus;Males;Rural areas;33.7;12.4;53.8;3
1082;From 35 to 44 years;Cyprus;Males;Towns and suburbs;38.099999999999994;27.1;34.7;1
1086;From 35 to 44 years;Czechia;Females;Cities;30.9;8.8;60.199999999999996;3
1087;From 35 to 44 years;Czechia;Females;Rural areas;26.599999999999998;23.3;50.1;3
1088;From 35 to 44 years;Czechia;Females;Towns and suburbs;41.9;7.7;50.5;3
1092;From 35 to 44 years;Czechia;Males;Cities;60.5;3.7;35.7;1
1093;From 35 to 44 years;Czechia;Males;Rural areas;61.5;5.4;33.099999999999994;1
1094;From 35 to 44 years;Czechia;Males;Towns and suburbs;65.2;4.5;30.299999999999997;1
1098;From 35 to 44 years;Denmark;Females;Cities;35.8;16.1;48.2;3
1099;From 35 to 44 years;Denmark;Females;Rural areas;32.4;7.8;59.800000000000004;3
1100;From 35 to 44 years;Denmark;Females;Towns and suburbs;34.0;12.3;53.699999999999996;3
1104;From 35 to 44 years;Denmark;Males;Cities;56.5;3.1;40.5;1
1105;From 35 to 44 years;Denmark;Males;Rural areas;58.6;3.3;38.2;1
1106;From 35 to 44 years;Denmark;Males;Towns and suburbs;44.9;4.3;50.7;1
1110;From 35 to 44 years;Estonia;Females;Cities;19.3;11.1;69.6;3
1111;From 35 to 44 years;Estonia;Females;Rural areas;13.200000000000001;11.5;75.3;3
1112;From 35 to 44 years;Estonia;Females;Towns and suburbs;14.1;10.9;75.0;3
1116;From 35 to 44 years;Estonia;Males;Cities;40.4;8.7;50.8;3
1117;From 35 to 44 years;Estonia;Males;Rural areas;46.3;9.0;44.7;1
1118;From 35 to 44 years;Estonia;Males;Towns and suburbs;35.1;12.6;52.400000000000006;3
1122;From 35 to 44 years;Finland;Females;Cities;37.7;3.6;58.8;3
1123;From 35 to 44 years;Finland;Females;Rural areas;29.900000000000002;9.3;60.699999999999996;3
1124;From 35 to 44 years;Finland;Females;Towns and suburbs;33.5;8.4;58.1;3
1125;From 35 to 44 years;Finland;Males;Cities;55.2;8.0;36.9;1
1126;From 35 to 44 years;Finland;Males;Rural areas;57.0;14.9;28.0;1
1127;From 35 to 44 years;Finland;Males;Towns and suburbs;59.4;9.7;30.9;1
1134;From 35 to 44 years;Germany;Females;Cities;38.6;16.6;44.8;3
1135;From 35 to 44 years;Germany;Females;Rural areas;32.6;11.9;55.5;3
1136;From 35 to 44 years;Germany;Females;Towns and suburbs;35.7;14.4;49.9;3
1140;From 35 to 44 years;Germany;Males;Cities;58.3;9.0;32.7;1
1141;From 35 to 44 years;Germany;Males;Rural areas;58.5;6.9;34.6;1
1142;From 35 to 44 years;Germany;Males;Towns and suburbs;54.2;9.2;36.7;1
1146;From 35 to 44 years;Greece;Females;Cities;26.2;27.9;45.8;3
1147;From 35 to 44 years;Greece;Females;Rural areas;18.2;36.6;45.2;3
1148;From 35 to 44 years;Greece;Females;Towns and suburbs;21.7;25.5;52.699999999999996;3
1152;From 35 to 44 years;Greece;Males;Cities;38.6;19.3;42.2;1
1153;From 35 to 44 years;Greece;Males;Rural areas;53.6;15.0;31.400000000000002;1
1154;From 35 to 44 years;Greece;Males;Towns and suburbs;38.3;23.7;38.0;1
1158;From 35 to 44 years;Hungary;Females;Cities;11.5;25.2;63.3;3
1159;From 35 to 44 years;Hungary;Females;Rural areas;5.1;41.7;53.1;0
1160;From 35 to 44 years;Hungary;Females;Towns and suburbs;9.8;39.2;51.0;0
1164;From 35 to 44 years;Hungary;Males;Cities;32.6;22.5;44.8;3
1165;From 35 to 44 years;Hungary;Males;Rural areas;31.0;16.3;52.599999999999994;3
1166;From 35 to 44 years;Hungary;Males;Towns and suburbs;35.9;18.2;46.0;3
1170;From 35 to 44 years;Iceland;Females;Cities;16.7;6.9;76.5;3
1171;From 35 to 44 years;Iceland;Females;Rural areas;19.0;15.6;65.4;3
1172;From 35 to 44 years;Iceland;Females;Towns and suburbs;2.8;19.0;78.19999999999999;3
1176;From 35 to 44 years;Iceland;Males;Cities;28.0;16.3;55.7;3
1177;From 35 to 44 years;Iceland;Males;Rural areas;19.6;4.3;76.1;3
1178;From 35 to 44 years;Iceland;Males;Towns and suburbs;15.200000000000001;5.5;79.2;3
1182;From 35 to 44 years;Ireland;Females;Cities;49.0;12.4;38.6;1
1183;From 35 to 44 years;Ireland;Females;Rural areas;36.400000000000006;12.6;50.9;3
1184;From 35 to 44 years;Ireland;Females;Towns and suburbs;38.3;13.6;48.0;3
1188;From 35 to 44 years;Ireland;Males;Cities;56.5;10.1;33.4;1
1189;From 35 to 44 years;Ireland;Males;Rural areas;45.1;10.4;44.6;1
1190;From 35 to 44 years;Ireland;Males;Towns and suburbs;52.6;6.6;40.8;1
1194;From 35 to 44 years;Latvia;Females;Cities;23.0;11.3;65.6;3
1195;From 35 to 44 years;Latvia;Females;Rural areas;7.1;15.8;77.19999999999999;3
1196;From 35 to 44 years;Latvia;Females;Towns and suburbs;8.6;8.0;83.5;3
1200;From 35 to 44 years;Latvia;Males;Cities;31.4;9.2;59.4;3
1201;From 35 to 44 years;Latvia;Males;Rural areas;28.2;14.6;57.2;3
1202;From 35 to 44 years;Latvia;Males;Towns and suburbs;27.6;13.8;58.5;3
1206;From 35 to 44 years;Lithuania;Females;Cities;13.3;13.8;72.9;3
1207;From 35 to 44 years;Lithuania;Females;Rural areas;5.2;17.2;77.6;3
1208;From 35 to 44 years;Lithuania;Females;Towns and suburbs;10.9;2.7;86.4;3
1212;From 35 to 44 years;Lithuania;Males;Cities;28.4;11.9;59.6;3
1213;From 35 to 44 years;Lithuania;Males;Rural areas;32.4;5.5;62.1;3
1214;From 35 to 44 years;Lithuania;Males;Towns and suburbs;0.0;0.0;0.0;2
1218;From 35 to 44 years;Luxembourg;Females;Cities;40.8;24.7;34.6;1
1219;From 35 to 44 years;Luxembourg;Females;Rural areas;41.7;17.6;40.7;1
1220;From 35 to 44 years;Luxembourg;Females;Towns and suburbs;41.699999999999996;25.6;32.7;1
1224;From 35 to 44 years;Luxembourg;Males;Cities;63.800000000000004;10.3;25.9;1
1225;From 35 to 44 years;Luxembourg;Males;Rural areas;59.900000000000006;8.8;31.3;1
1226;From 35 to 44 years;Luxembourg;Males;Towns and suburbs;59.900000000000006;6.6;33.4;1
1230;From 35 to 44 years;Malta;Females;Cities;19.400000000000002;33.5;47.2;3
1231;From 35 to 44 years;Malta;Females;Rural areas;25.0;35.0;40.0;3
1232;From 35 to 44 years;Malta;Females;Towns and suburbs;26.5;24.4;49.1;3
1236;From 35 to 44 years;Malta;Males;Cities;38.5;11.5;50.0;3
1237;From 35 to 44 years;Malta;Males;Rural areas;50.0;21.4;28.6;1
1238;From 35 to 44 years;Malta;Males;Towns and suburbs;53.8;13.2;33.0;1
1248;From 35 to 44 years;Norway;Females;Cities;30.099999999999998;21.8;48.1;3
1249;From 35 to 44 years;Norway;Females;Rural areas;22.7;18.2;59.1;3
1250;From 35 to 44 years;Norway;Females;Towns and suburbs;21.9;21.6;56.5;3
1254;From 35 to 44 years;Norway;Males;Cities;44.1;17.7;38.1;1
1255;From 35 to 44 years;Norway;Males;Rural areas;32.1;7.9;60.0;3
1256;From 35 to 44 years;Norway;Males;Towns and suburbs;33.4;12.6;54.0;3
1260;From 35 to 44 years;Poland;Females;Cities;17.400000000000002;17.5;65.1;3
1261;From 35 to 44 years;Poland;Females;Rural areas;6.8;29.5;63.7;3
1262;From 35 to 44 years;Poland;Females;Towns and suburbs;13.2;20.2;66.6;3
1266;From 35 to 44 years;Poland;Males;Cities;41.5;10.0;48.6;3
1267;From 35 to 44 years;Poland;Males;Rural areas;29.900000000000002;9.2;60.9;3
1268;From 35 to 44 years;Poland;Males;Towns and suburbs;37.300000000000004;8.8;54.0;3
1272;From 35 to 44 years;Portugal;Females;Cities;23.2;33.3;43.400000000000006;3
1273;From 35 to 44 years;Portugal;Females;Rural areas;21.3;45.4;33.4;0
1274;From 35 to 44 years;Portugal;Females;Towns and suburbs;24.4;37.5;38.099999999999994;0
1278;From 35 to 44 years;Portugal;Males;Cities;63.8;9.6;26.5;1
1279;From 35 to 44 years;Portugal;Males;Rural areas;66.9;13.0;20.0;1
1280;From 35 to 44 years;Portugal;Males;Towns and suburbs;72.5;10.8;16.700000000000003;1
1284;From 35 to 44 years;Romania;Females;Cities;4.8;44.7;50.5;0
1285;From 35 to 44 years;Romania;Females;Rural areas;8.5;48.0;43.599999999999994;0
1286;From 35 to 44 years;Romania;Females;Towns and suburbs;10.2;47.2;42.7;0
1290;From 35 to 44 years;Romania;Males;Cities;27.5;19.6;52.8;3
1291;From 35 to 44 years;Romania;Males;Rural areas;49.1;14.7;36.199999999999996;1
1292;From 35 to 44 years;Romania;Males;Towns and suburbs;40.1;14.2;45.7;3
1302;From 35 to 44 years;Slovakia;Females;Cities;12.399999999999999;24.4;63.2;3
1303;From 35 to 44 years;Slovakia;Females;Rural areas;11.2;32.5;56.2;3
1304;From 35 to 44 years;Slovakia;Females;Towns and suburbs;12.1;24.3;63.7;3
1308;From 35 to 44 years;Slovakia;Males;Cities;32.8;7.7;59.5;3
1309;From 35 to 44 years;Slovakia;Males;Rural areas;36.699999999999996;16.2;47.2;3
1310;From 35 to 44 years;Slovakia;Males;Towns and suburbs;29.900000000000002;13.1;57.1;3
1314;From 35 to 44 years;Slovenia;Females;Cities;21.2;25.1;53.7;3
1315;From 35 to 44 years;Slovenia;Females;Rural areas;18.8;22.8;58.3;3
1316;From 35 to 44 years;Slovenia;Females;Towns and suburbs;14.600000000000001;22.4;63.0;3
1320;From 35 to 44 years;Slovenia;Males;Cities;52.1;9.2;38.8;1
1321;From 35 to 44 years;Slovenia;Males;Rural areas;45.6;17.9;36.4;1
1322;From 35 to 44 years;Slovenia;Males;Towns and suburbs;44.300000000000004;15.5;40.2;1
1326;From 35 to 44 years;Spain;Females;Cities;27.299999999999997;32.8;39.9;3
1327;From 35 to 44 years;Spain;Females;Rural areas;22.0;36.7;41.400000000000006;0
1328;From 35 to 44 years;Spain;Females;Towns and suburbs;23.799999999999997;33.2;42.9;3
1332;From 35 to 44 years;Spain;Males;Cities;48.400000000000006;19.8;31.8;1
1333;From 35 to 44 years;Spain;Males;Rural areas;50.4;17.6;32.0;1
1334;From 35 to 44 years;Spain;Males;Towns and suburbs;51.8;20.5;27.5;1
1338;From 35 to 44 years;Sweden;Females;Cities;33.599999999999994;12.3;54.099999999999994;3
1339;From 35 to 44 years;Sweden;Females;Rural areas;43.0;13.7;43.2;1
1340;From 35 to 44 years;Sweden;Females;Towns and suburbs;31.700000000000003;14.7;53.599999999999994;3
1344;From 35 to 44 years;Sweden;Males;Cities;51.1;7.8;41.0;1
1345;From 35 to 44 years;Sweden;Males;Rural areas;48.9;8.8;42.3;1
1346;From 35 to 44 years;Sweden;Males;Towns and suburbs;47.7;6.7;45.5;1
1350;From 35 to 44 years;Türkiye;Females;Cities;0.0;0.0;0.0;2
1351;From 35 to 44 years;Türkiye;Females;Rural areas;0.0;0.0;0.0;2
1352;From 35 to 44 years;Türkiye;Females;Towns and suburbs;0.0;0.0;0.0;2
1356;From 35 to 44 years;Türkiye;Males;Cities;0.0;0.0;0.0;2
1357;From 35 to 44 years;Türkiye;Males;Rural areas;0.0;0.0;0.0;2
1358;From 35 to 44 years;Türkiye;Males;Towns and suburbs;0.0;0.0;0.0;2
1362;From 35 to 44 years;United Kingdom;Females;Cities;44.6;21.3;34.2;1
1363;From 35 to 44 years;United Kingdom;Females;Rural areas;53.4;11.1;35.5;1
1364;From 35 to 44 years;United Kingdom;Females;Towns and suburbs;52.6;12.9;34.400000000000006;1
1365;From 35 to 44 years;United Kingdom;Males;Cities;57.300000000000004;16.5;26.2;1
1366;From 35 to 44 years;United Kingdom;Males;Rural areas;61.699999999999996;9.3;29.0;1
1367;From 35 to 44 years;United Kingdom;Males;Towns and suburbs;58.1;9.4;32.5;1
1368;From 45 to 54 years;Austria;Females;Cities;31.4;26.4;42.2;3
1369;From 45 to 54 years;Austria;Females;Rural areas;24.099999999999998;18.6;57.300000000000004;3
1370;From 45 to 54 years;Austria;Females;Towns and suburbs;29.0;14.9;56.1;3
1374;From 45 to 54 years;Austria;Males;Cities;45.6;20.0;34.3;1
1375;From 45 to 54 years;Austria;Males;Rural areas;56.5;9.5;33.9;1
1376;From 45 to 54 years;Austria;Males;Towns and suburbs;60.400000000000006;11.8;27.7;1
1380;From 45 to 54 years;Belgium;Females;Cities;43.6;19.2;37.2;1
1381;From 45 to 54 years;Belgium;Females;Rural areas;47.0;14.3;38.8;1
1382;From 45 to 54 years;Belgium;Females;Towns and suburbs;47.6;11.8;40.7;1
1386;From 45 to 54 years;Belgium;Males;Cities;63.900000000000006;14.2;21.900000000000002;1
1387;From 45 to 54 years;Belgium;Males;Rural areas;70.69999999999999;7.3;22.099999999999998;1
1388;From 45 to 54 years;Belgium;Males;Towns and suburbs;68.2;6.1;25.8;1
1392;From 45 to 54 years;Bulgaria;Females;Cities;28.1;21.7;50.2;3
1393;From 45 to 54 years;Bulgaria;Females;Rural areas;17.9;45.8;36.3;0
1394;From 45 to 54 years;Bulgaria;Females;Towns and suburbs;15.799999999999999;39.9;44.3;0
1398;From 45 to 54 years;Bulgaria;Males;Cities;59.099999999999994;8.7;32.2;1
1399;From 45 to 54 years;Bulgaria;Males;Rural areas;59.9;14.5;25.7;1
1400;From 45 to 54 years;Bulgaria;Males;Towns and suburbs;60.5;10.6;29.0;1
1404;From 45 to 54 years;Croatia;Females;Cities;18.700000000000003;35.2;46.0;3
1405;From 45 to 54 years;Croatia;Females;Rural areas;8.7;64.8;26.5;0
1406;From 45 to 54 years;Croatia;Females;Towns and suburbs;17.1;52.3;30.6;0
1410;From 45 to 54 years;Croatia;Males;Cities;37.9;28.9;33.2;1
1411;From 45 to 54 years;Croatia;Males;Rural areas;42.7;25.3;32.0;1
1412;From 45 to 54 years;Croatia;Males;Towns and suburbs;43.1;24.8;32.0;1
1416;From 45 to 54 years;Cyprus;Females;Cities;12.8;55.9;31.200000000000003;0
1417;From 45 to 54 years;Cyprus;Females;Rural areas;10.1;63.9;26.0;0
1418;From 45 to 54 years;Cyprus;Females;Towns and suburbs;9.8;63.4;26.8;0
1422;From 45 to 54 years;Cyprus;Males;Cities;40.6;17.1;42.3;1
1423;From 45 to 54 years;Cyprus;Males;Rural areas;48.4;21.6;29.9;1
1424;From 45 to 54 years;Cyprus;Males;Towns and suburbs;41.0;24.9;34.1;1
1428;From 45 to 54 years;Czechia;Females;Cities;34.5;10.4;55.2;3
1429;From 45 to 54 years;Czechia;Females;Rural areas;30.400000000000002;15.0;54.6;3
1430;From 45 to 54 years;Czechia;Females;Towns and suburbs;34.4;14.0;51.6;3
1434;From 45 to 54 years;Czechia;Males;Cities;66.8;9.8;23.4;1
1435;From 45 to 54 years;Czechia;Males;Rural areas;76.4;5.3;18.4;1
1436;From 45 to 54 years;Czechia;Males;Towns and suburbs;68.0;6.6;25.4;1
1440;From 45 to 54 years;Denmark;Females;Cities;53.7;9.9;36.4;1
1441;From 45 to 54 years;Denmark;Females;Rural areas;47.7;10.8;41.5;1
1442;From 45 to 54 years;Denmark;Females;Towns and suburbs;50.9;6.3;42.9;1
1446;From 45 to 54 years;Denmark;Males;Cities;68.7;3.1;28.2;1
1447;From 45 to 54 years;Denmark;Males;Rural areas;66.0;6.3;27.7;1
1448;From 45 to 54 years;Denmark;Males;Towns and suburbs;62.1;4.2;33.699999999999996;1
1452;From 45 to 54 years;Estonia;Females;Cities;19.0;10.8;70.2;3
1453;From 45 to 54 years;Estonia;Females;Rural areas;7.3;20.1;72.5;3
1454;From 45 to 54 years;Estonia;Females;Towns and suburbs;10.2;10.1;79.69999999999999;3
1458;From 45 to 54 years;Estonia;Males;Cities;38.3;10.2;51.5;3
1459;From 45 to 54 years;Estonia;Males;Rural areas;32.0;10.8;57.199999999999996;3
1460;From 45 to 54 years;Estonia;Males;Towns and suburbs;40.2;5.7;54.1;3
1464;From 45 to 54 years;Finland;Females;Cities;46.0;7.6;46.400000000000006;1
1465;From 45 to 54 years;Finland;Females;Rural areas;40.0;8.9;51.1;3
1466;From 45 to 54 years;Finland;Females;Towns and suburbs;45.8;7.6;46.7;1
1467;From 45 to 54 years;Finland;Males;Cities;51.8;9.7;38.5;1
1468;From 45 to 54 years;Finland;Males;Rural areas;58.199999999999996;7.9;33.8;1
1469;From 45 to 54 years;Finland;Males;Towns and suburbs;61.1;4.3;34.7;1
1476;From 45 to 54 years;Germany;Females;Cities;49.1;9.2;41.7;1
1477;From 45 to 54 years;Germany;Females;Rural areas;45.0;9.5;45.5;1
1478;From 45 to 54 years;Germany;Females;Towns and suburbs;43.300000000000004;10.5;46.2;1
1482;From 45 to 54 years;Germany;Males;Cities;66.6;10.1;23.3;1
1483;From 45 to 54 years;Germany;Males;Rural areas;64.10000000000001;7.1;28.799999999999997;1
1484;From 45 to 54 years;Germany;Males;Towns and suburbs;64.2;7.9;27.9;1
1488;From 45 to 54 years;Greece;Females;Cities;22.5;35.0;42.5;3
1489;From 45 to 54 years;Greece;Females;Rural areas;19.1;41.3;39.7;0
1490;From 45 to 54 years;Greece;Females;Towns and suburbs;18.3;37.4;44.3;0
1494;From 45 to 54 years;Greece;Males;Cities;39.599999999999994;20.3;40.2;1
1495;From 45 to 54 years;Greece;Males;Rural areas;52.0;19.0;28.9;1
1496;From 45 to 54 years;Greece;Males;Towns and suburbs;44.4;15.7;39.900000000000006;1
1500;From 45 to 54 years;Hungary;Females;Cities;16.1;19.7;64.2;3
1501;From 45 to 54 years;Hungary;Females;Rural areas;8.6;38.3;53.099999999999994;3
1502;From 45 to 54 years;Hungary;Females;Towns and suburbs;15.299999999999999;26.4;58.3;3
1506;From 45 to 54 years;Hungary;Males;Cities;38.1;15.2;46.8;3
1507;From 45 to 54 years;Hungary;Males;Rural areas;39.3;20.6;40.1;1
1508;From 45 to 54 years;Hungary;Males;Towns and suburbs;40.9;15.1;44.0;1
1512;From 45 to 54 years;Iceland;Females;Cities;28.0;11.0;61.0;3
1513;From 45 to 54 years;Iceland;Females;Rural areas;9.3;13.4;77.3;3
1514;From 45 to 54 years;Iceland;Females;Towns and suburbs;15.8;11.6;72.6;3
1518;From 45 to 54 years;Iceland;Males;Cities;35.1;6.6;58.3;3
1519;From 45 to 54 years;Iceland;Males;Rural areas;20.9;16.7;62.3;3
1520;From 45 to 54 years;Iceland;Males;Towns and suburbs;23.099999999999998;13.9;63.0;3
1524;From 45 to 54 years;Ireland;Females;Cities;59.6;12.9;27.5;1
1525;From 45 to 54 years;Ireland;Females;Rural areas;43.2;18.7;38.1;1
1526;From 45 to 54 years;Ireland;Females;Towns and suburbs;47.900000000000006;18.9;33.3;1
1530;From 45 to 54 years;Ireland;Males;Cities;59.5;11.4;29.2;1
1531;From 45 to 54 years;Ireland;Males;Rural areas;55.699999999999996;14.4;29.900000000000002;1
1532;From 45 to 54 years;Ireland;Males;Towns and suburbs;59.4;11.1;29.5;1
1536;From 45 to 54 years;Latvia;Females;Cities;12.2;15.0;72.9;3
1537;From 45 to 54 years;Latvia;Females;Rural areas;7.300000000000001;19.6;73.1;3
1538;From 45 to 54 years;Latvia;Females;Towns and suburbs;8.6;15.0;76.4;3
1542;From 45 to 54 years;Latvia;Males;Cities;29.4;14.4;56.1;3
1543;From 45 to 54 years;Latvia;Males;Rural areas;27.5;9.4;63.1;3
1544;From 45 to 54 years;Latvia;Males;Towns and suburbs;18.5;16.7;64.80000000000001;3
1548;From 45 to 54 years;Lithuania;Females;Cities;12.1;9.7;78.1;3
1549;From 45 to 54 years;Lithuania;Females;Rural areas;3.7;18.7;77.69999999999999;3
1550;From 45 to 54 years;Lithuania;Females;Towns and suburbs;8.4;2.2;89.4;3
1554;From 45 to 54 years;Lithuania;Males;Cities;29.1;11.8;59.1;3
1555;From 45 to 54 years;Lithuania;Males;Rural areas;33.4;9.5;57.1;3
1556;From 45 to 54 years;Lithuania;Males;Towns and suburbs;33.0;5.6;61.4;3
1560;From 45 to 54 years;Luxembourg;Females;Cities;50.900000000000006;27.1;22.0;1
1561;From 45 to 54 years;Luxembourg;Females;Rural areas;47.7;14.8;37.5;1
1562;From 45 to 54 years;Luxembourg;Females;Towns and suburbs;48.0;27.2;24.8;1
1566;From 45 to 54 years;Luxembourg;Males;Cities;60.7;16.4;23.0;1
1567;From 45 to 54 years;Luxembourg;Males;Rural areas;68.5;9.3;22.200000000000003;1
1568;From 45 to 54 years;Luxembourg;Males;Towns and suburbs;61.2;13.5;25.2;1
1572;From 45 to 54 years;Malta;Females;Cities;22.6;32.5;44.9;3
1573;From 45 to 54 years;Malta;Females;Rural areas;25.0;32.1;42.9;3
1574;From 45 to 54 years;Malta;Females;Towns and suburbs;34.8;26.6;38.599999999999994;3
1578;From 45 to 54 years;Malta;Males;Cities;42.6;14.2;43.2;1
1579;From 45 to 54 years;Malta;Males;Rural areas;61.5;26.9;11.5;1
1580;From 45 to 54 years;Malta;Males;Towns and suburbs;57.1;14.2;28.7;1
1590;From 45 to 54 years;Norway;Females;Cities;33.1;10.9;55.9;3
1591;From 45 to 54 years;Norway;Females;Rural areas;28.5;13.9;57.6;3
1592;From 45 to 54 years;Norway;Females;Towns and suburbs;34.0;16.0;49.9;3
1596;From 45 to 54 years;Norway;Males;Cities;51.699999999999996;9.5;38.8;1
1597;From 45 to 54 years;Norway;Males;Rural areas;36.7;10.7;52.6;3
1598;From 45 to 54 years;Norway;Males;Towns and suburbs;43.5;8.1;48.4;1
1602;From 45 to 54 years;Poland;Females;Cities;15.4;23.1;61.4;3
1603;From 45 to 54 years;Poland;Females;Rural areas;6.1;28.0;66.0;3
1604;From 45 to 54 years;Poland;Females;Towns and suburbs;11.2;24.2;64.6;3
1608;From 45 to 54 years;Poland;Males;Cities;38.6;12.7;48.599999999999994;3
1609;From 45 to 54 years;Poland;Males;Rural areas;27.4;9.7;62.9;3
1610;From 45 to 54 years;Poland;Males;Towns and suburbs;32.7;12.0;55.3;3
1614;From 45 to 54 years;Portugal;Females;Cities;35.2;26.4;38.4;3
1615;From 45 to 54 years;Portugal;Females;Rural areas;22.9;51.4;25.8;0
1616;From 45 to 54 years;Portugal;Females;Towns and suburbs;37.0;35.6;27.4;1
1620;From 45 to 54 years;Portugal;Males;Cities;74.0;14.4;11.600000000000001;1
1621;From 45 to 54 years;Portugal;Males;Rural areas;77.0;11.1;11.9;1
1622;From 45 to 54 years;Portugal;Males;Towns and suburbs;72.80000000000001;13.2;13.899999999999999;1
1626;From 45 to 54 years;Romania;Females;Cities;6.2;45.2;48.5;0
1627;From 45 to 54 years;Romania;Females;Rural areas;7.3999999999999995;48.0;44.5;0
1628;From 45 to 54 years;Romania;Females;Towns and suburbs;7.9;42.0;50.2;0
1632;From 45 to 54 years;Romania;Males;Cities;37.6;15.6;46.7;3
1633;From 45 to 54 years;Romania;Males;Rural areas;48.7;14.3;36.9;1
1634;From 45 to 54 years;Romania;Males;Towns and suburbs;46.6;15.2;38.3;1
1644;From 45 to 54 years;Slovakia;Females;Cities;13.700000000000001;21.9;64.3;3
1645;From 45 to 54 years;Slovakia;Females;Rural areas;8.2;32.3;59.5;3
1646;From 45 to 54 years;Slovakia;Females;Towns and suburbs;9.0;36.9;54.1;3
1650;From 45 to 54 years;Slovakia;Males;Cities;32.9;14.4;52.7;3
1651;From 45 to 54 years;Slovakia;Males;Rural areas;35.0;12.3;52.699999999999996;3
1652;From 45 to 54 years;Slovakia;Males;Towns and suburbs;39.9;12.8;47.3;3
1656;From 45 to 54 years;Slovenia;Females;Cities;20.099999999999998;27.3;52.699999999999996;3
1657;From 45 to 54 years;Slovenia;Females;Rural areas;21.400000000000002;30.0;48.5;3
1658;From 45 to 54 years;Slovenia;Females;Towns and suburbs;17.2;30.4;52.4;3
1662;From 45 to 54 years;Slovenia;Males;Cities;61.8;15.6;22.700000000000003;1
1663;From 45 to 54 years;Slovenia;Males;Rural areas;54.1;17.4;28.5;1
1664;From 45 to 54 years;Slovenia;Males;Towns and suburbs;51.7;13.5;34.7;1
1668;From 45 to 54 years;Spain;Females;Cities;36.2;30.6;33.2;1
1669;From 45 to 54 years;Spain;Females;Rural areas;20.0;43.7;36.400000000000006;0
1670;From 45 to 54 years;Spain;Females;Towns and suburbs;31.1;34.6;34.3;0
1674;From 45 to 54 years;Spain;Males;Cities;58.400000000000006;16.1;25.5;1
1675;From 45 to 54 years;Spain;Males;Rural areas;61.0;17.4;21.6;1
1676;From 45 to 54 years;Spain;Males;Towns and suburbs;59.5;16.2;24.299999999999997;1
1680;From 45 to 54 years;Sweden;Females;Cities;39.0;12.5;48.5;3
1681;From 45 to 54 years;Sweden;Females;Rural areas;42.1;21.3;36.599999999999994;1
1682;From 45 to 54 years;Sweden;Females;Towns and suburbs;39.8;11.2;49.099999999999994;3
1686;From 45 to 54 years;Sweden;Males;Cities;48.1;11.0;40.9;1
1687;From 45 to 54 years;Sweden;Males;Rural areas;54.3;8.9;36.7;1
1688;From 45 to 54 years;Sweden;Males;Towns and suburbs;53.5;10.2;36.2;1
1692;From 45 to 54 years;Türkiye;Females;Cities;0.0;0.0;0.0;2
1693;From 45 to 54 years;Türkiye;Females;Rural areas;0.0;0.0;0.0;2
1694;From 45 to 54 years;Türkiye;Females;Towns and suburbs;0.0;0.0;0.0;2
1698;From 45 to 54 years;Türkiye;Males;Cities;0.0;0.0;0.0;2
1699;From 45 to 54 years;Türkiye;Males;Rural areas;0.0;0.0;0.0;2
1700;From 45 to 54 years;Türkiye;Males;Towns and suburbs;0.0;0.0;0.0;2
1704;From 45 to 54 years;United Kingdom;Females;Cities;50.4;17.9;31.7;1
1705;From 45 to 54 years;United Kingdom;Females;Rural areas;54.199999999999996;13.8;32.0;1
1706;From 45 to 54 years;United Kingdom;Females;Towns and suburbs;54.300000000000004;12.9;32.8;1
1707;From 45 to 54 years;United Kingdom;Males;Cities;64.3;13.1;22.7;1
1708;From 45 to 54 years;United Kingdom;Males;Rural areas;69.3;7.8;23.0;1
1709;From 45 to 54 years;United Kingdom;Males;Towns and suburbs;68.5;10.4;21.1;1
1710;From 55 to 64 years;Austria;Females;Cities;34.4;18.8;46.8;3
1711;From 55 to 64 years;Austria;Females;Rural areas;22.8;22.3;54.8;3
1712;From 55 to 64 years;Austria;Females;Towns and suburbs;34.2;20.7;45.2;3
1716;From 55 to 64 years;Austria;Males;Cities;63.800000000000004;13.4;22.9;1
1717;From 55 to 64 years;Austria;Males;Rural areas;57.0;11.3;31.7;1
1718;From 55 to 64 years;Austria;Males;Towns and suburbs;65.0;9.0;25.9;1
1722;From 55 to 64 years;Belgium;Females;Cities;51.1;17.5;31.4;1
1723;From 55 to 64 years;Belgium;Females;Rural areas;50.4;18.8;30.9;1
1724;From 55 to 64 years;Belgium;Females;Towns and suburbs;51.9;15.3;32.8;1
1728;From 55 to 64 years;Belgium;Males;Cities;77.0;10.0;12.9;1
1729;From 55 to 64 years;Belgium;Males;Rural areas;64.9;14.9;20.2;1
1730;From 55 to 64 years;Belgium;Males;Towns and suburbs;77.3;5.7;17.0;1
1734;From 55 to 64 years;Bulgaria;Females;Cities;18.7;40.0;41.3;0
1735;From 55 to 64 years;Bulgaria;Females;Rural areas;12.0;53.2;34.8;0
1736;From 55 to 64 years;Bulgaria;Females;Towns and suburbs;14.0;47.0;39.0;0
1740;From 55 to 64 years;Bulgaria;Males;Cities;52.4;10.9;36.6;1
1741;From 55 to 64 years;Bulgaria;Males;Rural areas;57.400000000000006;18.8;23.8;1
1742;From 55 to 64 years;Bulgaria;Males;Towns and suburbs;48.4;24.3;27.4;1
1746;From 55 to 64 years;Croatia;Females;Cities;20.9;45.9;33.2;0
1747;From 55 to 64 years;Croatia;Females;Rural areas;14.8;65.9;19.299999999999997;0
1748;From 55 to 64 years;Croatia;Females;Towns and suburbs;12.0;63.5;24.6;0
1752;From 55 to 64 years;Croatia;Males;Cities;42.9;21.0;36.0;1
1753;From 55 to 64 years;Croatia;Males;Rural areas;48.5;26.3;25.200000000000003;1
1754;From 55 to 64 years;Croatia;Males;Towns and suburbs;50.9;28.5;20.7;1
1758;From 55 to 64 years;Cyprus;Females;Cities;8.5;65.4;26.1;0
1759;From 55 to 64 years;Cyprus;Females;Rural areas;6.0;74.2;19.9;0
1760;From 55 to 64 years;Cyprus;Females;Towns and suburbs;11.3;72.0;16.700000000000003;0
1764;From 55 to 64 years;Cyprus;Males;Cities;39.1;25.8;35.1;1
1765;From 55 to 64 years;Cyprus;Males;Rural areas;39.7;27.0;33.3;1
1766;From 55 to 64 years;Cyprus;Males;Towns and suburbs;47.7;27.5;24.9;1
1770;From 55 to 64 years;Czechia;Females;Cities;39.8;14.3;45.7;3
1771;From 55 to 64 years;Czechia;Females;Rural areas;24.3;19.9;55.8;3
1772;From 55 to 64 years;Czechia;Females;Towns and suburbs;26.200000000000003;16.5;57.3;3
1776;From 55 to 64 years;Czechia;Males;Cities;65.9;10.8;23.4;1
1777;From 55 to 64 years;Czechia;Males;Rural areas;66.0;8.1;25.9;1
1778;From 55 to 64 years;Czechia;Males;Towns and suburbs;77.2;6.2;16.5;1
1782;From 55 to 64 years;Denmark;Females;Cities;60.2;12.2;27.6;1
1783;From 55 to 64 years;Denmark;Females;Rural areas;54.3;8.3;37.3;1
1784;From 55 to 64 years;Denmark;Females;Towns and suburbs;52.400000000000006;11.3;36.3;1
1788;From 55 to 64 years;Denmark;Males;Cities;76.7;7.5;15.8;1
1789;From 55 to 64 years;Denmark;Males;Rural areas;75.6;4.2;20.2;1
1790;From 55 to 64 years;Denmark;Males;Towns and suburbs;82.7;3.1;14.2;1
1794;From 55 to 64 years;Estonia;Females;Cities;5.4;19.5;75.1;3
1795;From 55 to 64 years;Estonia;Females;Rural areas;5.1;26.0;68.9;3
1796;From 55 to 64 years;Estonia;Females;Towns and suburbs;4.4;21.2;74.4;3
1800;From 55 to 64 years;Estonia;Males;Cities;25.9;15.8;58.3;3
1801;From 55 to 64 years;Estonia;Males;Rural areas;35.7;9.5;54.900000000000006;3
1802;From 55 to 64 years;Estonia;Males;Towns and suburbs;40.5;14.1;45.4;1
1806;From 55 to 64 years;Finland;Females;Cities;44.0;10.2;45.800000000000004;1
1807;From 55 to 64 years;Finland;Females;Rural areas;33.3;17.1;49.7;3
1808;From 55 to 64 years;Finland;Females;Towns and suburbs;34.2;15.0;50.7;3
1809;From 55 to 64 years;Finland;Males;Cities;64.5;6.6;28.8;1
1810;From 55 to 64 years;Finland;Males;Rural areas;59.599999999999994;11.7;28.7;1
1811;From 55 to 64 years;Finland;Males;Towns and suburbs;59.4;9.1;31.6;1
1818;From 55 to 64 years;Germany;Females;Cities;52.5;13.0;34.4;1
1819;From 55 to 64 years;Germany;Females;Rural areas;41.800000000000004;14.5;43.7;1
1820;From 55 to 64 years;Germany;Females;Towns and suburbs;46.3;12.8;40.8;1
1824;From 55 to 64 years;Germany;Males;Cities;69.9;11.3;18.799999999999997;1
1825;From 55 to 64 years;Germany;Males;Rural areas;69.0;9.0;22.0;1
1826;From 55 to 64 years;Germany;Males;Towns and suburbs;67.0;10.7;22.299999999999997;1
1830;From 55 to 64 years;Greece;Females;Cities;17.9;44.2;37.9;0
1831;From 55 to 64 years;Greece;Females;Rural areas;14.899999999999999;50.3;34.8;0
1832;From 55 to 64 years;Greece;Females;Towns and suburbs;20.0;42.7;37.3;0
1836;From 55 to 64 years;Greece;Males;Cities;45.5;19.7;34.8;1
1837;From 55 to 64 years;Greece;Males;Rural areas;61.7;17.0;21.3;1
1838;From 55 to 64 years;Greece;Males;Towns and suburbs;51.6;18.0;30.4;1
1842;From 55 to 64 years;Hungary;Females;Cities;20.6;23.4;56.099999999999994;3
1843;From 55 to 64 years;Hungary;Females;Rural areas;8.7;47.7;43.5;0
1844;From 55 to 64 years;Hungary;Females;Towns and suburbs;5.3;44.2;50.6;0
1848;From 55 to 64 years;Hungary;Males;Cities;55.400000000000006;9.5;35.0;1
1849;From 55 to 64 years;Hungary;Males;Rural areas;52.2;17.2;30.6;1
1850;From 55 to 64 years;Hungary;Males;Towns and suburbs;51.3;16.7;31.9;1
1854;From 55 to 64 years;Iceland;Females;Cities;20.700000000000003;19.1;60.2;3
1855;From 55 to 64 years;Iceland;Females;Rural areas;17.6;24.2;58.2;3
1856;From 55 to 64 years;Iceland;Females;Towns and suburbs;5.4;22.7;72.0;3
1860;From 55 to 64 years;Iceland;Males;Cities;43.8;13.8;42.3;1
1861;From 55 to 64 years;Iceland;Males;Rural areas;35.9;10.2;53.900000000000006;3
1862;From 55 to 64 years;Iceland;Males;Towns and suburbs;31.8;12.5;55.699999999999996;3
1866;From 55 to 64 years;Ireland;Females;Cities;60.0;14.6;25.4;1
1867;From 55 to 64 years;Ireland;Females;Rural areas;36.7;28.3;34.900000000000006;1
1868;From 55 to 64 years;Ireland;Females;Towns and suburbs;48.5;19.5;32.0;1
1872;From 55 to 64 years;Ireland;Males;Cities;62.4;14.0;23.6;1
1873;From 55 to 64 years;Ireland;Males;Rural areas;52.8;21.1;26.1;1
1874;From 55 to 64 years;Ireland;Males;Towns and suburbs;60.2;15.6;24.1;1
1878;From 55 to 64 years;Latvia;Females;Cities;6.9;22.5;70.6;3
1879;From 55 to 64 years;Latvia;Females;Rural areas;4.9;22.9;72.2;3
1880;From 55 to 64 years;Latvia;Females;Towns and suburbs;4.6;24.2;71.19999999999999;3
1884;From 55 to 64 years;Latvia;Males;Cities;29.799999999999997;19.1;51.0;3
1885;From 55 to 64 years;Latvia;Males;Rural areas;23.9;15.5;60.5;3
1886;From 55 to 64 years;Latvia;Males;Towns and suburbs;13.600000000000001;19.0;67.4;3
1890;From 55 to 64 years;Lithuania;Females;Cities;4.9;18.3;76.69999999999999;3
1891;From 55 to 64 years;Lithuania;Females;Rural areas;1.9;26.0;72.0;3
1892;From 55 to 64 years;Lithuania;Females;Towns and suburbs;5.3;25.3;69.4;3
1896;From 55 to 64 years;Lithuania;Males;Cities;27.2;10.7;61.9;3
1897;From 55 to 64 years;Lithuania;Males;Rural areas;20.900000000000002;15.6;63.599999999999994;3
1898;From 55 to 64 years;Lithuania;Males;Towns and suburbs;40.4;11.5;48.0;3
1902;From 55 to 64 years;Luxembourg;Females;Cities;54.7;20.8;24.599999999999998;1
1903;From 55 to 64 years;Luxembourg;Females;Rural areas;49.4;20.9;29.7;1
1904;From 55 to 64 years;Luxembourg;Females;Towns and suburbs;54.1;23.8;22.099999999999998;1
1908;From 55 to 64 years;Luxembourg;Males;Cities;72.7;11.4;15.899999999999999;1
1909;From 55 to 64 years;Luxembourg;Males;Rural areas;69.0;10.2;20.8;1
1910;From 55 to 64 years;Luxembourg;Males;Towns and suburbs;70.4;9.8;19.700000000000003;1
1914;From 55 to 64 years;Malta;Females;Cities;14.2;38.5;47.3;0
1915;From 55 to 64 years;Malta;Females;Rural areas;30.299999999999997;63.6;6.1;0
1916;From 55 to 64 years;Malta;Females;Towns and suburbs;20.6;46.8;32.599999999999994;0
1920;From 55 to 64 years;Malta;Males;Cities;38.1;19.3;42.7;3
1921;From 55 to 64 years;Malta;Males;Rural areas;56.7;16.7;26.6;1
1922;From 55 to 64 years;Malta;Males;Towns and suburbs;58.0;16.3;25.6;1
1932;From 55 to 64 years;Norway;Females;Cities;46.6;14.4;38.9;1
1933;From 55 to 64 years;Norway;Females;Rural areas;36.6;14.7;48.7;3
1934;From 55 to 64 years;Norway;Females;Towns and suburbs;34.9;18.5;46.5;3
1938;From 55 to 64 years;Norway;Males;Cities;63.3;9.2;27.5;1
1939;From 55 to 64 years;Norway;Males;Rural areas;44.6;13.2;42.2;1
1940;From 55 to 64 years;Norway;Males;Towns and suburbs;55.5;6.6;37.9;1
1944;From 55 to 64 years;Poland;Females;Cities;8.6;29.2;62.1;3
1945;From 55 to 64 years;Poland;Females;Rural areas;3.8;41.5;54.7;0
1946;From 55 to 64 years;Poland;Females;Towns and suburbs;7.0;34.3;58.6;3
1950;From 55 to 64 years;Poland;Males;Cities;30.6;13.7;55.699999999999996;3
1951;From 55 to 64 years;Poland;Males;Rural areas;24.9;15.3;59.8;3
1952;From 55 to 64 years;Poland;Males;Towns and suburbs;29.5;18.1;52.400000000000006;3
1956;From 55 to 64 years;Portugal;Females;Cities;38.4;34.7;26.8;1
1957;From 55 to 64 years;Portugal;Females;Rural areas;29.1;49.8;21.0;0
1958;From 55 to 64 years;Portugal;Females;Towns and suburbs;31.9;45.4;22.8;0
1962;From 55 to 64 years;Portugal;Males;Cities;80.1;9.1;10.8;1
1963;From 55 to 64 years;Portugal;Males;Rural areas;76.0;13.7;10.399999999999999;1
1964;From 55 to 64 years;Portugal;Males;Towns and suburbs;81.4;9.1;9.5;1
1968;From 55 to 64 years;Romania;Females;Cities;6.0;53.9;40.1;0
1969;From 55 to 64 years;Romania;Females;Rural areas;8.1;55.9;35.900000000000006;0
1970;From 55 to 64 years;Romania;Females;Towns and suburbs;4.8999999999999995;50.8;44.3;0
1974;From 55 to 64 years;Romania;Males;Cities;28.5;27.0;44.5;3
1975;From 55 to 64 years;Romania;Males;Rural areas;48.4;19.0;32.6;1
1976;From 55 to 64 years;Romania;Males;Towns and suburbs;42.7;20.3;37.0;1
1986;From 55 to 64 years;Slovakia;Females;Cities;11.5;32.3;56.3;3
1987;From 55 to 64 years;Slovakia;Females;Rural areas;10.5;34.1;55.3;3
1988;From 55 to 64 years;Slovakia;Females;Towns and suburbs;4.7;40.2;55.1;0
1992;From 55 to 64 years;Slovakia;Males;Cities;37.2;14.6;48.2;3
1993;From 55 to 64 years;Slovakia;Males;Rural areas;44.5;20.0;35.5;1
1994;From 55 to 64 years;Slovakia;Males;Towns and suburbs;37.6;19.0;43.4;3
1998;From 55 to 64 years;Slovenia;Females;Cities;21.8;30.9;47.4;3
1999;From 55 to 64 years;Slovenia;Females;Rural areas;23.2;33.5;43.4;3
2000;From 55 to 64 years;Slovenia;Females;Towns and suburbs;15.100000000000001;38.8;46.2;0
2004;From 55 to 64 years;Slovenia;Males;Cities;59.5;11.7;28.9;1
2005;From 55 to 64 years;Slovenia;Males;Rural areas;51.2;22.8;26.0;1
2006;From 55 to 64 years;Slovenia;Males;Towns and suburbs;63.8;15.7;20.6;1
2010;From 55 to 64 years;Spain;Females;Cities;32.7;37.7;29.5;0
2011;From 55 to 64 years;Spain;Females;Rural areas;23.8;48.5;27.7;0
2012;From 55 to 64 years;Spain;Females;Towns and suburbs;37.2;37.4;25.299999999999997;1
2016;From 55 to 64 years;Spain;Males;Cities;59.9;18.8;21.4;1
2017;From 55 to 64 years;Spain;Males;Rural areas;61.400000000000006;21.2;17.3;1
2018;From 55 to 64 years;Spain;Males;Towns and suburbs;69.3;14.9;15.7;1
2022;From 55 to 64 years;Sweden;Females;Cities;44.599999999999994;11.5;43.9;1
2023;From 55 to 64 years;Sweden;Females;Rural areas;53.699999999999996;6.3;40.0;1
2024;From 55 to 64 years;Sweden;Females;Towns and suburbs;48.6;15.6;36.0;1
2028;From 55 to 64 years;Sweden;Males;Cities;58.3;11.3;30.5;1
2029;From 55 to 64 years;Sweden;Males;Rural areas;62.0;10.2;27.8;1
2030;From 55 to 64 years;Sweden;Males;Towns and suburbs;58.900000000000006;9.8;31.299999999999997;1
2034;From 55 to 64 years;Türkiye;Females;Cities;0.0;0.0;0.0;2
2035;From 55 to 64 years;Türkiye;Females;Rural areas;0.0;0.0;0.0;2
2036;From 55 to 64 years;Türkiye;Females;Towns and suburbs;0.0;0.0;0.0;2
2040;From 55 to 64 years;Türkiye;Males;Cities;0.0;0.0;0.0;2
2041;From 55 to 64 years;Türkiye;Males;Rural areas;0.0;0.0;0.0;2
2042;From 55 to 64 years;Türkiye;Males;Towns and suburbs;0.0;0.0;0.0;2
2046;From 55 to 64 years;United Kingdom;Females;Cities;53.1;15.3;31.700000000000003;1
2047;From 55 to 64 years;United Kingdom;Females;Rural areas;58.1;13.7;28.2;1
2048;From 55 to 64 years;United Kingdom;Females;Towns and suburbs;52.0;15.4;32.599999999999994;1
2049;From 55 to 64 years;United Kingdom;Males;Cities;70.2;10.2;19.6;1
2050;From 55 to 64 years;United Kingdom;Males;Rural areas;72.4;9.7;17.9;1
2051;From 55 to 64 years;United Kingdom;Males;Towns and suburbs;71.5;10.0;18.6;1
2052;From 65 to 74 years;Austria;Females;Cities;32.3;20.8;46.900000000000006;3
2053;From 65 to 74 years;Austria;Females;Rural areas;21.099999999999998;29.6;49.400000000000006;3
2054;From 65 to 74 years;Austria;Females;Towns and suburbs;30.799999999999997;26.1;43.2;3
2058;From 65 to 74 years;Austria;Males;Cities;62.6;23.7;13.700000000000001;1
2059;From 65 to 74 years;Austria;Males;Rural areas;69.7;9.4;20.9;1
2060;From 65 to 74 years;Austria;Males;Towns and suburbs;60.9;11.0;28.1;1
2064;From 65 to 74 years;Belgium;Females;Cities;58.300000000000004;22.5;19.2;1
2065;From 65 to 74 years;Belgium;Females;Rural areas;41.3;32.7;26.0;1
2066;From 65 to 74 years;Belgium;Females;Towns and suburbs;38.900000000000006;26.7;34.4;1
2070;From 65 to 74 years;Belgium;Males;Cities;75.0;11.3;13.8;1
2071;From 65 to 74 years;Belgium;Males;Rural areas;63.4;12.0;24.4;1
2072;From 65 to 74 years;Belgium;Males;Towns and suburbs;67.8;11.7;20.5;1
2076;From 65 to 74 years;Bulgaria;Females;Cities;8.6;52.7;38.8;0
2077;From 65 to 74 years;Bulgaria;Females;Rural areas;9.5;60.9;29.5;0
2078;From 65 to 74 years;Bulgaria;Females;Towns and suburbs;12.5;59.2;28.3;0
2082;From 65 to 74 years;Bulgaria;Males;Cities;40.2;27.6;32.3;1
2083;From 65 to 74 years;Bulgaria;Males;Rural areas;46.7;19.5;33.9;1
2084;From 65 to 74 years;Bulgaria;Males;Towns and suburbs;42.2;26.8;31.0;1
2088;From 65 to 74 years;Croatia;Females;Cities;5.7;56.3;38.0;0
2089;From 65 to 74 years;Croatia;Females;Rural areas;12.2;68.6;19.200000000000003;0
2090;From 65 to 74 years;Croatia;Females;Towns and suburbs;9.600000000000001;71.4;19.1;0
2094;From 65 to 74 years;Croatia;Males;Cities;45.599999999999994;29.0;25.4;1
2095;From 65 to 74 years;Croatia;Males;Rural areas;41.9;32.1;26.0;1
2096;From 65 to 74 years;Croatia;Males;Towns and suburbs;53.8;27.8;18.5;1
2100;From 65 to 74 years;Cyprus;Females;Cities;7.5;70.3;22.1;0
2101;From 65 to 74 years;Cyprus;Females;Rural areas;7.1;77.9;14.9;0
2102;From 65 to 74 years;Cyprus;Females;Towns and suburbs;5.9;73.3;20.8;0
2106;From 65 to 74 years;Cyprus;Males;Cities;48.9;20.7;30.400000000000002;1
2107;From 65 to 74 years;Cyprus;Males;Rural areas;41.099999999999994;29.2;29.7;1
2108;From 65 to 74 years;Cyprus;Males;Towns and suburbs;45.0;24.5;30.5;1
2112;From 65 to 74 years;Czechia;Females;Cities;33.900000000000006;16.4;49.6;3
2113;From 65 to 74 years;Czechia;Females;Rural areas;19.6;26.4;54.1;3
2114;From 65 to 74 years;Czechia;Females;Towns and suburbs;20.200000000000003;26.7;53.099999999999994;3
2118;From 65 to 74 years;Czechia;Males;Cities;61.6;10.8;27.6;1
2119;From 65 to 74 years;Czechia;Males;Rural areas;72.9;6.2;20.799999999999997;1
2120;From 65 to 74 years;Czechia;Males;Towns and suburbs;66.6;11.0;22.4;1
2124;From 65 to 74 years;Denmark;Females;Cities;67.8;6.7;25.599999999999998;1
2125;From 65 to 74 years;Denmark;Females;Rural areas;65.1;8.0;26.900000000000002;1
2126;From 65 to 74 years;Denmark;Females;Towns and suburbs;64.3;9.8;25.900000000000002;1
2130;From 65 to 74 years;Denmark;Males;Cities;79.0;2.5;18.5;1
2131;From 65 to 74 years;Denmark;Males;Rural areas;82.0;4.3;13.600000000000001;1
2132;From 65 to 74 years;Denmark;Males;Towns and suburbs;85.1;2.5;12.4;1
2136;From 65 to 74 years;Estonia;Females;Cities;2.8;26.3;71.0;3
2137;From 65 to 74 years;Estonia;Females;Rural areas;3.9000000000000004;31.9;64.2;3
2138;From 65 to 74 years;Estonia;Females;Towns and suburbs;1.0;42.9;56.1;0
2142;From 65 to 74 years;Estonia;Males;Cities;22.700000000000003;18.7;58.599999999999994;3
2143;From 65 to 74 years;Estonia;Males;Rural areas;23.0;18.3;58.599999999999994;3
2144;From 65 to 74 years;Estonia;Males;Towns and suburbs;26.0;16.1;57.900000000000006;3
2148;From 65 to 74 years;Finland;Females;Cities;35.4;21.1;43.5;3
2149;From 65 to 74 years;Finland;Females;Rural areas;17.3;30.2;52.6;3
2150;From 65 to 74 years;Finland;Females;Towns and suburbs;29.0;22.3;48.7;3
2151;From 65 to 74 years;Finland;Males;Cities;52.7;15.8;31.6;1
2152;From 65 to 74 years;Finland;Males;Rural areas;38.4;20.9;40.7;1
2153;From 65 to 74 years;Finland;Males;Towns and suburbs;52.8;15.2;31.9;1
2160;From 65 to 74 years;Germany;Females;Cities;45.0;16.4;38.599999999999994;1
2161;From 65 to 74 years;Germany;Females;Rural areas;41.7;16.1;42.2;1
2162;From 65 to 74 years;Germany;Females;Towns and suburbs;44.4;16.6;39.0;1
2166;From 65 to 74 years;Germany;Males;Cities;68.8;11.9;19.2;1
2167;From 65 to 74 years;Germany;Males;Rural areas;70.1;8.0;21.8;1
2168;From 65 to 74 years;Germany;Males;Towns and suburbs;65.5;12.0;22.4;1
2172;From 65 to 74 years;Greece;Females;Cities;15.2;55.8;29.1;0
2173;From 65 to 74 years;Greece;Females;Rural areas;12.3;60.1;27.6;0
2174;From 65 to 74 years;Greece;Females;Towns and suburbs;16.4;57.2;26.5;0
2178;From 65 to 74 years;Greece;Males;Cities;43.6;23.8;32.7;1
2179;From 65 to 74 years;Greece;Males;Rural areas;42.1;26.3;31.6;1
2180;From 65 to 74 years;Greece;Males;Towns and suburbs;47.2;20.0;32.8;1
2184;From 65 to 74 years;Hungary;Females;Cities;12.1;49.5;38.5;0
2185;From 65 to 74 years;Hungary;Females;Rural areas;9.4;57.3;33.3;0
2186;From 65 to 74 years;Hungary;Females;Towns and suburbs;16.7;52.1;31.2;0
2190;From 65 to 74 years;Hungary;Males;Cities;62.6;14.3;23.1;1
2191;From 65 to 74 years;Hungary;Males;Rural areas;50.199999999999996;24.5;25.299999999999997;1
2192;From 65 to 74 years;Hungary;Males;Towns and suburbs;50.2;20.6;29.3;1
2196;From 65 to 74 years;Iceland;Females;Cities;18.9;21.6;59.5;3
2197;From 65 to 74 years;Iceland;Females;Rural areas;9.9;30.8;59.3;3
2198;From 65 to 74 years;Iceland;Females;Towns and suburbs;17.3;31.7;51.0;3
2202;From 65 to 74 years;Iceland;Males;Cities;37.699999999999996;14.7;47.5;3
2203;From 65 to 74 years;Iceland;Males;Rural areas;21.6;23.5;54.8;3
2204;From 65 to 74 years;Iceland;Males;Towns and suburbs;22.2;28.2;49.6;3
2208;From 65 to 74 years;Ireland;Females;Cities;46.9;24.2;28.900000000000002;1
2209;From 65 to 74 years;Ireland;Females;Rural areas;29.9;35.3;34.7;0
2210;From 65 to 74 years;Ireland;Females;Towns and suburbs;37.199999999999996;24.5;38.3;1
2214;From 65 to 74 years;Ireland;Males;Cities;60.099999999999994;16.2;23.6;1
2215;From 65 to 74 years;Ireland;Males;Rural areas;47.900000000000006;29.6;22.5;1
2216;From 65 to 74 years;Ireland;Males;Towns and suburbs;57.4;19.1;23.5;1
2220;From 65 to 74 years;Latvia;Females;Cities;5.5;38.9;55.699999999999996;3
2221;From 65 to 74 years;Latvia;Females;Rural areas;1.5;45.9;52.5;0
2222;From 65 to 74 years;Latvia;Females;Towns and suburbs;2.3;43.1;54.7;0
2226;From 65 to 74 years;Latvia;Males;Cities;21.8;22.3;55.9;3
2227;From 65 to 74 years;Latvia;Males;Rural areas;11.6;16.6;71.80000000000001;3
2228;From 65 to 74 years;Latvia;Males;Towns and suburbs;23.3;12.4;64.3;3
2232;From 65 to 74 years;Lithuania;Females;Cities;3.1;48.2;48.699999999999996;0
2233;From 65 to 74 years;Lithuania;Females;Rural areas;3.1;41.6;55.3;0
2234;From 65 to 74 years;Lithuania;Females;Towns and suburbs;0.0;49.7;50.2;0
2238;From 65 to 74 years;Lithuania;Males;Cities;16.2;34.4;49.5;3
2239;From 65 to 74 years;Lithuania;Males;Rural areas;14.0;23.6;62.4;3
2240;From 65 to 74 years;Lithuania;Males;Towns and suburbs;29.599999999999998;16.2;54.3;3
2244;From 65 to 74 years;Luxembourg;Females;Cities;64.0;24.0;12.0;1
2245;From 65 to 74 years;Luxembourg;Females;Rural areas;50.8;20.4;28.799999999999997;1
2246;From 65 to 74 years;Luxembourg;Females;Towns and suburbs;44.900000000000006;25.4;29.8;1
2250;From 65 to 74 years;Luxembourg;Males;Cities;84.0;4.0;12.0;1
2251;From 65 to 74 years;Luxembourg;Males;Rural areas;77.9;8.7;13.3;1
2252;From 65 to 74 years;Luxembourg;Males;Towns and suburbs;74.4;10.0;15.600000000000001;1
2256;From 65 to 74 years;Malta;Females;Cities;17.1;41.7;41.2;0
2257;From 65 to 74 years;Malta;Females;Rural areas;20.6;51.7;27.6;0
2258;From 65 to 74 years;Malta;Females;Towns and suburbs;22.3;45.1;32.6;0
2262;From 65 to 74 years;Malta;Males;Cities;30.7;20.9;48.4;3
2263;From 65 to 74 years;Malta;Males;Rural areas;82.6;13.0;4.3;1
2264;From 65 to 74 years;Malta;Males;Towns and suburbs;59.2;21.7;19.1;1
2274;From 65 to 74 years;Norway;Females;Cities;47.2;18.0;34.8;1
2275;From 65 to 74 years;Norway;Females;Rural areas;32.2;19.8;47.9;3
2276;From 65 to 74 years;Norway;Females;Towns and suburbs;40.6;23.2;36.1;1
2280;From 65 to 74 years;Norway;Males;Cities;64.6;10.8;24.7;1
2281;From 65 to 74 years;Norway;Males;Rural areas;42.2;16.8;41.1;1
2282;From 65 to 74 years;Norway;Males;Towns and suburbs;58.199999999999996;13.2;28.6;1
2286;From 65 to 74 years;Poland;Females;Cities;6.0;42.0;52.0;0
2287;From 65 to 74 years;Poland;Females;Rural areas;1.1;61.1;37.8;0
2288;From 65 to 74 years;Poland;Females;Towns and suburbs;3.2;52.7;44.099999999999994;0
2292;From 65 to 74 years;Poland;Males;Cities;21.7;24.1;54.2;3
2293;From 65 to 74 years;Poland;Males;Rural areas;17.3;25.8;56.8;3
2294;From 65 to 74 years;Poland;Males;Towns and suburbs;19.9;25.2;54.9;3
2298;From 65 to 74 years;Portugal;Females;Cities;32.7;46.1;21.200000000000003;0
2299;From 65 to 74 years;Portugal;Females;Rural areas;28.7;60.4;11.0;0
2300;From 65 to 74 years;Portugal;Females;Towns and suburbs;27.2;58.7;14.1;0
2304;From 65 to 74 years;Portugal;Males;Cities;75.7;11.2;13.0;1
2305;From 65 to 74 years;Portugal;Males;Rural areas;76.0;17.1;6.8;1
2306;From 65 to 74 years;Portugal;Males;Towns and suburbs;69.7;15.3;15.0;1
2310;From 65 to 74 years;Romania;Females;Cities;4.2;66.7;29.200000000000003;0
2311;From 65 to 74 years;Romania;Females;Rural areas;7.7;64.0;28.299999999999997;0
2312;From 65 to 74 years;Romania;Females;Towns and suburbs;4.5;65.1;30.400000000000002;0
2316;From 65 to 74 years;Romania;Males;Cities;24.400000000000002;32.5;43.1;3
2317;From 65 to 74 years;Romania;Males;Rural areas;41.9;27.9;30.200000000000003;1
2318;From 65 to 74 years;Romania;Males;Towns and suburbs;37.1;21.7;41.2;3
2328;From 65 to 74 years;Slovakia;Females;Cities;5.8;38.4;55.8;3
2329;From 65 to 74 years;Slovakia;Females;Rural areas;1.8;56.1;42.1;0
2330;From 65 to 74 years;Slovakia;Females;Towns and suburbs;5.1;47.5;47.4;0
2334;From 65 to 74 years;Slovakia;Males;Cities;28.400000000000002;26.7;44.900000000000006;3
2335;From 65 to 74 years;Slovakia;Males;Rural areas;32.4;20.5;47.1;3
2336;From 65 to 74 years;Slovakia;Males;Towns and suburbs;29.299999999999997;30.3;40.4;3
2340;From 65 to 74 years;Slovenia;Females;Cities;30.700000000000003;28.0;41.400000000000006;3
2341;From 65 to 74 years;Slovenia;Females;Rural areas;26.4;38.4;35.2;0
2342;From 65 to 74 years;Slovenia;Females;Towns and suburbs;21.1;31.4;47.4;3
2346;From 65 to 74 years;Slovenia;Males;Cities;64.6;11.6;23.9;1
2347;From 65 to 74 years;Slovenia;Males;Rural areas;52.599999999999994;28.7;18.700000000000003;1
2348;From 65 to 74 years;Slovenia;Males;Towns and suburbs;61.1;19.2;19.8;1
2352;From 65 to 74 years;Spain;Females;Cities;23.9;48.4;27.7;0
2353;From 65 to 74 years;Spain;Females;Rural areas;20.1;58.7;21.3;0
2354;From 65 to 74 years;Spain;Females;Towns and suburbs;23.6;52.5;23.8;0
2358;From 65 to 74 years;Spain;Males;Cities;63.400000000000006;17.9;18.8;1
2359;From 65 to 74 years;Spain;Males;Rural areas;53.9;27.8;18.200000000000003;1
2360;From 65 to 74 years;Spain;Males;Towns and suburbs;63.599999999999994;19.6;16.7;1
2364;From 65 to 74 years;Sweden;Females;Cities;37.9;19.2;42.8;3
2365;From 65 to 74 years;Sweden;Females;Rural areas;50.400000000000006;16.1;33.6;1
2366;From 65 to 74 years;Sweden;Females;Towns and suburbs;49.5;14.6;35.900000000000006;1
2370;From 65 to 74 years;Sweden;Males;Cities;57.300000000000004;12.0;30.7;1
2371;From 65 to 74 years;Sweden;Males;Rural areas;57.0;14.7;28.200000000000003;1
2372;From 65 to 74 years;Sweden;Males;Towns and suburbs;53.5;12.2;34.4;1
2376;From 65 to 74 years;Türkiye;Females;Cities;0.0;0.0;0.0;2
2377;From 65 to 74 years;Türkiye;Females;Rural areas;0.0;0.0;0.0;2
2378;From 65 to 74 years;Türkiye;Females;Towns and suburbs;0.0;0.0;0.0;2
2382;From 65 to 74 years;Türkiye;Males;Cities;0.0;0.0;0.0;2
2383;From 65 to 74 years;Türkiye;Males;Rural areas;0.0;0.0;0.0;2
2384;From 65 to 74 years;Türkiye;Males;Towns and suburbs;0.0;0.0;0.0;2
2388;From 65 to 74 years;United Kingdom;Females;Cities;48.3;20.1;31.6;1
2389;From 65 to 74 years;United Kingdom;Females;Rural areas;56.599999999999994;19.1;24.3;1
2390;From 65 to 74 years;United Kingdom;Females;Towns and suburbs;45.5;23.0;31.5;1
2391;From 65 to 74 years;United Kingdom;Males;Cities;66.0;12.6;21.299999999999997;1
2392;From 65 to 74 years;United Kingdom;Males;Rural areas;74.9;6.6;18.5;1
2393;From 65 to 74 years;United Kingdom;Males;Towns and suburbs;70.0;10.5;19.5;1
